id,title,url,image,categories
13445160,"Floor Standing Kitchen Trash Can Touchless , 25L Automatic Sanitary Bin",https://www.scentairmachines.com/sale-13445160-floor-standing-kitchen-trash-can-touchless-25l-automatic-sanitary-bin.html,https://www.scentairmachines.com/photo/pt34577849-floor_standing_kitchen_trash_can_touchless_25l_automatic_sanitary_bin.jpg,Automatic Sanitary Bin
26562512,25L super capacity Feminine Sanitary Trash Can 4xAA battery For Hotel,https://www.scentairmachines.com/sale-26562512-25l-super-capacity-feminine-sanitary-trash-can-4xaa-battery-for-hotel.html,https://www.scentairmachines.com/photo/pt94599907-25l_super_capacity_feminine_sanitary_trash_can_4xaa_battery_for_hotel.jpg,Automatic Sanitary Bin
13512964,Touchless Hand Soap And Sanitizer Dispenser,https://www.scentairmachines.com/quality-13512964-touchless-hand-soap-and-sanitizer-dispenser,https://www.scentairmachines.com/photo/pt32416938-touchless_hand_soap_and_sanitizer_dispenser.jpg,Automatic Touchless Soap Dispenser
13461417,0.85L Liquid Pump Soap Dispenser,https://www.scentairmachines.com/quality-13461417-0-85l-liquid-pump-soap-dispenser,https://www.scentairmachines.com/photo/pt32314746-0_85l_liquid_pump_soap_dispenser.jpg,Automatic Touchless Soap Dispenser
13520247,2000ml Infrared Sensor Soap Dispenser,https://www.scentairmachines.com/quality-13520247-2000ml-infrared-sensor-soap-dispenser,https://www.scentairmachines.com/photo/pt32437123-2000ml_infrared_sensor_soap_dispenser.jpg,Automatic Touchless Soap Dispenser
13520225,4000ml Contactless Hand Sanitizer Dispenser,https://www.scentairmachines.com/quality-13520225-4000ml-contactless-hand-sanitizer-dispenser,https://www.scentairmachines.com/photo/pt32435725-4000ml_contactless_hand_sanitizer_dispenser.jpg,Automatic Touchless Soap Dispenser
13507399,850ml Battery Operated Hand Soap Dispenser,https://www.scentairmachines.com/quality-13507399-850ml-battery-operated-hand-soap-dispenser,https://www.scentairmachines.com/photo/pt32391518-850ml_battery_operated_hand_soap_dispenser.jpg,Automatic Touchless Soap Dispenser
13512997,"ABS Contactless Soap Dispenser , AC6V Alcohol Spray Hand Sanitizer Dispenser",https://www.scentairmachines.com/sale-13512997-abs-contactless-soap-dispenser-ac6v-alcohol-spray-hand-sanitizer-dispenser.html,https://www.scentairmachines.com/photo/pt32416998-abs_contactless_soap_dispenser_ac6v_alcohol_spray_hand_sanitizer_dispenser.jpg,Automatic Touchless Soap Dispenser
13512959,ABS 1200ml Automatic Touchless Soap Dispenser DC 4xAA,https://www.scentairmachines.com/sale-13512959-abs-1200ml-automatic-touchless-soap-dispenser-dc-4xaa.html,https://www.scentairmachines.com/photo/pt32416790-abs_1200ml_automatic_touchless_soap_dispenser_dc_4xaa.jpg,Automatic Touchless Soap Dispenser
13507089,Kitchen Wall Mounted Touchless Hand Sanitizer Dispenser,https://www.scentairmachines.com/sale-13507089-kitchen-wall-mounted-touchless-hand-sanitizer-dispenser.html,https://www.scentairmachines.com/photo/pt32389120-kitchen_wall_mounted_touchless_hand_sanitizer_dispenser.jpg,Automatic Touchless Soap Dispenser
13506612,hotels Liquid Automatic Touchless Soap Dispenser 850ml,https://www.scentairmachines.com/sale-13506612-hotels-liquid-automatic-touchless-soap-dispenser-850ml.html,https://www.scentairmachines.com/photo/pt32388075-hotels_liquid_automatic_touchless_soap_dispenser_850ml.jpg,Automatic Touchless Soap Dispenser
13506567,0.85L Motion Sensor Hand Soap Dispenser 105x95x215mm,https://www.scentairmachines.com/sale-13506567-0-85l-motion-sensor-hand-soap-dispenser-105x95x215mm.html,https://www.scentairmachines.com/photo/pt32384237-0_85l_motion_sensor_hand_soap_dispenser_105x95x215mm.jpg,Automatic Touchless Soap Dispenser
13505630,700ml Automatic Touchless Soap Dispenser 304 Stainless Steel,https://www.scentairmachines.com/sale-13505630-700ml-automatic-touchless-soap-dispenser-304-stainless-steel.html,https://www.scentairmachines.com/photo/pt32384170-700ml_automatic_touchless_soap_dispenser_304_stainless_steel.jpg,Automatic Touchless Soap Dispenser
13520442,2L Automatic Touchless Soap Dispenser Wall Mounted,https://www.scentairmachines.com/sale-13520442-2l-automatic-touchless-soap-dispenser-wall-mounted.html,https://www.scentairmachines.com/photo/pt32437972-2l_automatic_touchless_soap_dispenser_wall_mounted.jpg,Automatic Touchless Soap Dispenser
13520429,Hotel Alcohol Hand Wash Dispenser With Sensor 380x280x163mm,https://www.scentairmachines.com/sale-13520429-hotel-alcohol-hand-wash-dispenser-with-sensor-380x280x163mm.html,https://www.scentairmachines.com/photo/pt32437860-hotel_alcohol_hand_wash_dispenser_with_sensor_380x280x163mm.jpg,Automatic Touchless Soap Dispenser
13520396,Desktop Automatic Touchless Soap Dispenser 220V 50HZ,https://www.scentairmachines.com/sale-13520396-desktop-automatic-touchless-soap-dispenser-220v-50hz.html,https://www.scentairmachines.com/photo/pt32437842-desktop_automatic_touchless_soap_dispenser_220v_50hz.jpg,Automatic Touchless Soap Dispenser
13520377,"KWS Automatic Sensor Alcohol Dispenser , 1L Touch Free Hand Sanitizer Dispenser",https://www.scentairmachines.com/sale-13520377-kws-automatic-sensor-alcohol-dispenser-1l-touch-free-hand-sanitizer-dispenser.html,https://www.scentairmachines.com/photo/pt32437747-kws_automatic_sensor_alcohol_dispenser_1l_touch_free_hand_sanitizer_dispenser.jpg,Automatic Touchless Soap Dispenser
13520362,Gel Automatic Touchless Soap Dispenser Wall Mounted AC110v,https://www.scentairmachines.com/sale-13520362-gel-automatic-touchless-soap-dispenser-wall-mounted-ac110v.html,https://www.scentairmachines.com/photo/pt32437710-gel_automatic_touchless_soap_dispenser_wall_mounted_ac110v.jpg,Automatic Touchless Soap Dispenser
13519753,Office Touchless Soap Dispenser Wall Mount 4000ml,https://www.scentairmachines.com/sale-13519753-office-touchless-soap-dispenser-wall-mount-4000ml.html,https://www.scentairmachines.com/photo/pt32435279-office_touchless_soap_dispenser_wall_mount_4000ml.jpg,Automatic Touchless Soap Dispenser
13519734,Kitchen Floor Stand Automatic Touchless Soap Dispenser 4000ml,https://www.scentairmachines.com/sale-13519734-kitchen-floor-stand-automatic-touchless-soap-dispenser-4000ml.html,https://www.scentairmachines.com/photo/pt32433831-kitchen_floor_stand_automatic_touchless_soap_dispenser_4000ml.jpg,Automatic Touchless Soap Dispenser
13507737,850ml Multi Nozzle Sensor Hand Wash Dispenser For Kitchen,https://www.scentairmachines.com/sale-13507737-850ml-multi-nozzle-sensor-hand-wash-dispenser-for-kitchen.html,https://www.scentairmachines.com/photo/pt32393313-850ml_multi_nozzle_sensor_hand_wash_dispenser_for_kitchen.jpg,Automatic Touchless Soap Dispenser
13507691,ROHS 0.85L Automatic Touchless Soap Dispenser 4xAA Batteries,https://www.scentairmachines.com/sale-13507691-rohs-0-85l-automatic-touchless-soap-dispenser-4xaa-batteries.html,https://www.scentairmachines.com/photo/pt32393208-rohs_0_85l_automatic_touchless_soap_dispenser_4xaa_batteries.jpg,Automatic Touchless Soap Dispenser
13437288,Plastic ABS Automatic Hand Soap Dispenser For Kitchen CE certificate,https://www.scentairmachines.com/sale-13437288-plastic-abs-automatic-hand-soap-dispenser-for-kitchen-ce-certificate.html,https://www.scentairmachines.com/photo/pt32076564-plastic_abs_automatic_hand_soap_dispenser_for_kitchen_ce_certificate.jpg,Automatic Touchless Soap Dispenser
13547575,50W Hvac Essential Oil Diffuser,https://www.scentairmachines.com/quality-13547575-50w-hvac-essential-oil-diffuser,https://www.scentairmachines.com/photo/pt32560813-50w_hvac_essential_oil_diffuser.jpg,Scent Air Machines
13548462,500ml Aroma Oil Dispenser,https://www.scentairmachines.com/quality-13548462-500ml-aroma-oil-dispenser,https://www.scentairmachines.com/photo/pt32564516-500ml_aroma_oil_dispenser.jpg,Scent Air Machines
13547665,Commercial Scent Delivery Machine,https://www.scentairmachines.com/quality-13547665-commercial-scent-delivery-machine,https://www.scentairmachines.com/photo/pt32561125-commercial_scent_delivery_machine.jpg,Scent Air Machines
13491852,Aluminum Alloy Automatic Perfume Sprayer Machine,https://www.scentairmachines.com/quality-13491852-aluminum-alloy-automatic-perfume-sprayer-machine,https://www.scentairmachines.com/photo/pt32323297-aluminum_alloy_automatic_perfume_sprayer_machine.jpg,Scent Air Machines
13490736,250ml Ultrasonic Scent Machine,https://www.scentairmachines.com/quality-13490736-250ml-ultrasonic-scent-machine,https://www.scentairmachines.com/photo/pt32316850-250ml_ultrasonic_scent_machine.jpg,Scent Air Machines
13496370,Odor Control 2ml/H Hotel Air Freshener Machine Desktop,https://www.scentairmachines.com/sale-13496370-odor-control-2ml-h-hotel-air-freshener-machine-desktop.html,https://www.scentairmachines.com/photo/pt32341484-odor_control_2ml_h_hotel_air_freshener_machine_desktop.jpg,Scent Air Machines
13497116,"AC110V Scent Wave Air Machine , CE Air Freshener Machine For Home",https://www.scentairmachines.com/sale-13497116-ac110v-scent-wave-air-machine-ce-air-freshener-machine-for-home.html,https://www.scentairmachines.com/photo/pt32346396-ac110v_scent_wave_air_machine_ce_air_freshener_machine_for_home.jpg,Scent Air Machines
13496309,50W Wall Mounted Scent Air Machines For Fragrance Diffusion,https://www.scentairmachines.com/sale-13496309-50w-wall-mounted-scent-air-machines-for-fragrance-diffusion.html,https://www.scentairmachines.com/photo/pt32341967-50w_wall_mounted_scent_air_machines_for_fragrance_diffusion.jpg,Scent Air Machines
13548948,"250ml Scentair Essence Machine , RoHS Hvac Aroma Diffuser",https://www.scentairmachines.com/sale-13548948-250ml-scentair-essence-machine-rohs-hvac-aroma-diffuser.html,https://www.scentairmachines.com/photo/pt32566153-250ml_scentair_essence_machine_rohs_hvac_aroma_diffuser.jpg,Scent Air Machines
13834816,KWS Scent Air Fragrance Diffuser Hotel HVAC 500ml Metal 2000m3 Coverage,https://www.scentairmachines.com/sale-13834816-kws-scent-air-fragrance-diffuser-hotel-hvac-500ml-metal-2000m3-coverage.html,https://www.scentairmachines.com/photo/pt33849375-kws_scent_air_fragrance_diffuser_hotel_hvac_500ml_metal_2000m3_coverage.jpg,Scent Air Machines
37423367,7 Cloros Ceramic 60ml Essential Oil Aroma Diffuser of Scent Air Machine,https://www.scentairmachines.com/sale-37423367-7-cloros-ceramic-60ml-essential-oil-aroma-diffuser-of-scent-air-machine.html,https://www.scentairmachines.com/photo/pt148585300-7_cloros_ceramic_60ml_essential_oil_aroma_diffuser_of_scent_air_machine.jpg,Scent Air Machines
36791495,1.5W 130ml Capacity Motion Sensor ABS White Wall Plug in Aroma Diffuser,https://www.scentairmachines.com/sale-36791495-1-5w-130ml-capacity-motion-sensor-abs-white-wall-plug-in-aroma-diffuser.html,https://www.scentairmachines.com/photo/pt145444307-1_5w_130ml_capacity_motion_sensor_abs_white_wall_plug_in_aroma_diffuser.jpg,Scent Air Machines
36727747,Odor Control Air Freshener Machine For Home 500ml Aluminum Bottle,https://www.scentairmachines.com/sale-36727747-odor-control-air-freshener-machine-for-home-500ml-aluminum-bottle.html,https://www.scentairmachines.com/photo/pt32560653-odor_control_air_freshener_machine_for_home_500ml_aluminum_bottle.jpg,Scent Air Machines
13490808,"Pp Air Scent Diffuser Machine , 5w Wall Mounted Room Freshener",https://www.scentairmachines.com/sale-13490808-pp-air-scent-diffuser-machine-5w-wall-mounted-room-freshener.html,https://www.scentairmachines.com/photo/pt32318808-pp_air_scent_diffuser_machine_5w_wall_mounted_room_freshener.jpg,Scent Air Machines
31772096,HVAC System Electric Home Scent Diffuser Machine  500ml Capacity,https://www.scentairmachines.com/sale-31772096-hvac-system-electric-home-scent-diffuser-machine-500ml-capacity.html,https://www.scentairmachines.com/photo/pt120390572-hvac_system_electric_home_scent_diffuser_machine_500ml_capacity.jpg,Scent Air Machines
36727745,"50W Scentair Essence Machine , 35dB Air Scent Diffuser Machine",https://www.scentairmachines.com/sale-36727745-50w-scentair-essence-machine-35db-air-scent-diffuser-machine.html,https://www.scentairmachines.com/photo/pt32314786-50w_scentair_essence_machine_35db_air_scent_diffuser_machine.jpg,Scent Air Machines
36727738,350ml Liquid Pump Air Scent Machine For Home Battery Operated Refillable,https://www.scentairmachines.com/sale-36727738-350ml-liquid-pump-air-scent-machine-for-home-battery-operated-refillable.html,https://www.scentairmachines.com/photo/pt32315270-350ml_liquid_pump_air_scent_machine_for_home_battery_operated_refillable.jpg,Scent Air Machines
36727729,"Rose Gold Air Perfume Machine , Commercial Washroom Fragrance Machine HVAC",https://www.scentairmachines.com/sale-36727729-rose-gold-air-perfume-machine-commercial-washroom-fragrance-machine-hvac.html,https://www.scentairmachines.com/photo/pt32565962-rose_gold_air_perfume_machine_commercial_washroom_fragrance_machine_hvac.jpg,Scent Air Machines
26588416,350ml Liquid Pump Non Aerosol Dispenser 3xAA Battery Operated Refillable,https://www.scentairmachines.com/sale-26588416-350ml-liquid-pump-non-aerosol-dispenser-3xaa-battery-operated-refillable.html,https://www.scentairmachines.com/photo/pt94732547-350ml_liquid_pump_non_aerosol_dispenser_3xaa_battery_operated_refillable.jpg,Scent Air Machines
13496674,Aluminum Electric 220v Scent Air Machines 248x105x200mm,https://www.scentairmachines.com/sale-13496674-aluminum-electric-220v-scent-air-machines-248x105x200mm.html,https://www.scentairmachines.com/photo/pt32343494-aluminum_electric_220v_scent_air_machines_248x105x200mm.jpg,Scent Air Machines
13496230,KWS 220V Wall Mounted Air Freshener Dispenser Quiet Working,https://www.scentairmachines.com/sale-13496230-kws-220v-wall-mounted-air-freshener-dispenser-quiet-working.html,https://www.scentairmachines.com/photo/pt32438186-kws_220v_wall_mounted_air_freshener_dispenser_quiet_working.jpg,Scent Air Machines
13460549,OEM Home Large Area Scent Air Machines 500ML Capacity,https://www.scentairmachines.com/sale-13460549-oem-home-large-area-scent-air-machines-500ml-capacity.html,https://www.scentairmachines.com/photo/pt32314804-oem_home_large_area_scent_air_machines_500ml_capacity.jpg,Scent Air Machines
13547720,"50W Scent Air Machines , Metal hvac essential oil diffuser",https://www.scentairmachines.com/sale-13547720-50w-scent-air-machines-metal-hvac-essential-oil-diffuser.html,https://www.scentairmachines.com/photo/pt32561494-50w_scent_air_machines_metal_hvac_essential_oil_diffuser.jpg,Scent Air Machines
13548583,KWS 500ml Bottle Scent Air Machines CE Certificate,https://www.scentairmachines.com/sale-13548583-kws-500ml-bottle-scent-air-machines-ce-certificate.html,https://www.scentairmachines.com/photo/pt32565356-kws_500ml_bottle_scent_air_machines_ce_certificate.jpg,Scent Air Machines
13491954,"250ml Bottle Scent Air Machines , Scent Machine For Office Pure Essential Oil",https://www.scentairmachines.com/sale-13491954-250ml-bottle-scent-air-machines-scent-machine-for-office-pure-essential-oil.html,https://www.scentairmachines.com/photo/pt32323677-250ml_bottle_scent_air_machines_scent_machine_for_office_pure_essential_oil.jpg,Scent Air Machines
13511443,PP plastic Remote Control Aerosol Dispenser,https://www.scentairmachines.com/quality-13511443-pp-plastic-remote-control-aerosol-dispenser,https://www.scentairmachines.com/photo/pt32409256-pp_plastic_remote_control_aerosol_dispenser.jpg,Aerosol Air Freshener Dispenser
13498635,75ml Automatic Aerosol Dispenser Air Freshener,https://www.scentairmachines.com/quality-13498635-75ml-automatic-aerosol-dispenser-air-freshener,https://www.scentairmachines.com/photo/pt32352859-75ml_automatic_aerosol_dispenser_air_freshener.jpg,Aerosol Air Freshener Dispenser
13508268,Ktv Room Liquid Air Freshener Dispenser,https://www.scentairmachines.com/quality-13508268-ktv-room-liquid-air-freshener-dispenser,https://www.scentairmachines.com/photo/pt32395846-ktv_room_liquid_air_freshener_dispenser.jpg,Aerosol Air Freshener Dispenser
13510404,1.5V Battery Automatic Perfume Spray Machine,https://www.scentairmachines.com/quality-13510404-1-5v-battery-automatic-perfume-spray-machine,https://www.scentairmachines.com/photo/pt32404709-1_5v_battery_automatic_perfume_spray_machine.jpg,Aerosol Air Freshener Dispenser
13508002,LCD Display Bathroom Deodorizer Dispenser,https://www.scentairmachines.com/quality-13508002-lcd-display-bathroom-deodorizer-dispenser,https://www.scentairmachines.com/photo/pt32394560-lcd_display_bathroom_deodorizer_dispenser.jpg,Aerosol Air Freshener Dispenser
13498782,KWS High Quality Motor Wall Mounted Automatic Aerosol Air Freshener Dispenser,https://www.scentairmachines.com/sale-13498782-kws-high-quality-motor-wall-mounted-automatic-aerosol-air-freshener-dispenser.html,https://www.scentairmachines.com/photo/pt32353612-kws_high_quality_motor_wall_mounted_automatic_aerosol_air_freshener_dispenser.jpg,Aerosol Air Freshener Dispenser
13502285,KWS Toilet Deodora Spraying Machine Automatic Aerosol Air Freshener Dispenser,https://www.scentairmachines.com/sale-13502285-kws-toilet-deodora-spraying-machine-automatic-aerosol-air-freshener-dispenser.html,https://www.scentairmachines.com/photo/pt32365378-kws_toilet_deodora_spraying_machine_automatic_aerosol_air_freshener_dispenser.jpg,Aerosol Air Freshener Dispenser
13501201,KWS Auto Liquid Dispenser Digital Aerosol Air Freshener Dispenser,https://www.scentairmachines.com/sale-13501201-kws-auto-liquid-dispenser-digital-aerosol-air-freshener-dispenser.html,https://www.scentairmachines.com/photo/pt32363432-kws_auto_liquid_dispenser_digital_aerosol_air_freshener_dispenser.jpg,Aerosol Air Freshener Dispenser
13461990,KWS 350ml Refilled Humidifier Auto Liquid Dispenser Digital Air Freshener Aerosol Dispenser,https://www.scentairmachines.com/sale-13461990-kws-350ml-refilled-humidifier-auto-liquid-dispenser-digital-air-freshener-aerosol-dispenser.html,https://www.scentairmachines.com/photo/pt32189871-kws_350ml_refilled_humidifier_auto_liquid_dispenser_digital_air_freshener_aerosol_dispenser.jpg,Aerosol Air Freshener Dispenser
13501159,KWS LCD Air Freshener Aerosol Dispenser With Key Lock,https://www.scentairmachines.com/sale-13501159-kws-lcd-air-freshener-aerosol-dispenser-with-key-lock.html,https://www.scentairmachines.com/photo/pt32363364-kws_lcd_air_freshener_aerosol_dispenser_with_key_lock.jpg,Aerosol Air Freshener Dispenser
13462018,KWS Toilet White PP Plastic Deodorizer Air Freshener Aerosol Dispenser,https://www.scentairmachines.com/sale-13462018-kws-toilet-white-pp-plastic-deodorizer-air-freshener-aerosol-dispenser.html,https://www.scentairmachines.com/photo/pt32190232-kws_toilet_white_pp_plastic_deodorizer_air_freshener_aerosol_dispenser.jpg,Aerosol Air Freshener Dispenser
13440437,KWS Smart Timing PP Plastic Durable Fan Fragrance Machine Aerosol Air Freshener Dispenser,https://www.scentairmachines.com/sale-13440437-kws-smart-timing-pp-plastic-durable-fan-fragrance-machine-aerosol-air-freshener-dispenser.html,https://www.scentairmachines.com/photo/pt32338643-kws_smart_timing_pp_plastic_durable_fan_fragrance_machine_aerosol_air_freshener_dispenser.jpg,Aerosol Air Freshener Dispenser
13498858,KWS Easy Operation 350ml Automatic Air Freshener Aerosol Dispenser,https://www.scentairmachines.com/sale-13498858-kws-easy-operation-350ml-automatic-air-freshener-aerosol-dispenser.html,https://www.scentairmachines.com/photo/pt32353876-kws_easy_operation_350ml_automatic_air_freshener_aerosol_dispenser.jpg,Aerosol Air Freshener Dispenser
13500824,KWS Wall Mounted AA Battery Operated 350ml Refillable Aerosol Air Freshener Dispenser,https://www.scentairmachines.com/sale-13500824-kws-wall-mounted-aa-battery-operated-350ml-refillable-aerosol-air-freshener-dispenser.html,https://www.scentairmachines.com/photo/pt32361838-kws_wall_mounted_aa_battery_operated_350ml_refillable_aerosol_air_freshener_dispenser.jpg,Aerosol Air Freshener Dispenser
13500784,KWS Eco-Friendly Toilet Air Freshener Dispenser Aerosol Air Freshener Dispenser,https://www.scentairmachines.com/sale-13500784-kws-eco-friendly-toilet-air-freshener-dispenser-aerosol-air-freshener-dispenser.html,https://www.scentairmachines.com/photo/pt32361170-kws_eco_friendly_toilet_air_freshener_dispenser_aerosol_air_freshener_dispenser.jpg,Aerosol Air Freshener Dispenser
13500544,KWS Non Contact Smart Automatic Liquid Pump Aerosol Air Freshener Dispenser,https://www.scentairmachines.com/sale-13500544-kws-non-contact-smart-automatic-liquid-pump-aerosol-air-freshener-dispenser.html,https://www.scentairmachines.com/photo/pt32359752-kws_non_contact_smart_automatic_liquid_pump_aerosol_air_freshener_dispenser.jpg,Aerosol Air Freshener Dispenser
13498980,KWS Wall Mounted Battery Operated Non Contact Smart Air Freshener Automatic Aerosol,https://www.scentairmachines.com/sale-13498980-kws-wall-mounted-battery-operated-non-contact-smart-air-freshener-automatic-aerosol.html,https://www.scentairmachines.com/photo/pt32354459-kws_wall_mounted_battery_operated_non_contact_smart_air_freshener_automatic_aerosol.jpg,Aerosol Air Freshener Dispenser
13498919,KWS Wall Mounted Portable electric Automatic Air Freshener Aerosol Dispenser,https://www.scentairmachines.com/sale-13498919-kws-wall-mounted-portable-electric-automatic-air-freshener-aerosol-dispenser.html,https://www.scentairmachines.com/photo/pt32354232-kws_wall_mounted_portable_electric_automatic_air_freshener_aerosol_dispenser.jpg,Aerosol Air Freshener Dispenser
29308468,"Desk Aerosol Air Freshener Dispenser , PP Aroma Essential Oil Diffuser",https://www.scentairmachines.com/sale-29308468-desk-aerosol-air-freshener-dispenser-pp-aroma-essential-oil-diffuser.html,https://www.scentairmachines.com/photo/pt108379327-desk_aerosol_air_freshener_dispenser_pp_aroma_essential_oil_diffuser.jpg,Aerosol Air Freshener Dispenser
13507767,"ABS Aerosol Air Freshener Dispenser , KWS Free Standing Air Freshener",https://www.scentairmachines.com/sale-13507767-abs-aerosol-air-freshener-dispenser-kws-free-standing-air-freshener.html,https://www.scentairmachines.com/photo/pt32393416-abs_aerosol_air_freshener_dispenser_kws_free_standing_air_freshener.jpg,Aerosol Air Freshener Dispenser
13503292,"H95mm Dispenser Aerosol Digital , CE Air Freshener Aerosol Spray",https://www.scentairmachines.com/sale-13503292-h95mm-dispenser-aerosol-digital-ce-air-freshener-aerosol-spray.html,https://www.scentairmachines.com/photo/pt32373162-h95mm_dispenser_aerosol_digital_ce_air_freshener_aerosol_spray.jpg,Aerosol Air Freshener Dispenser
13503210,Wall Mount Aerosol Air Freshener Dispenser With Refills,https://www.scentairmachines.com/sale-13503210-wall-mount-aerosol-air-freshener-dispenser-with-refills.html,https://www.scentairmachines.com/photo/pt32372744-wall_mount_aerosol_air_freshener_dispenser_with_refills.jpg,Aerosol Air Freshener Dispenser
13503198,Infrared Encoding Aerosol Air Freshener Dispenser L250mm,https://www.scentairmachines.com/sale-13503198-infrared-encoding-aerosol-air-freshener-dispenser-l250mm.html,https://www.scentairmachines.com/photo/pt32372706-infrared_encoding_aerosol_air_freshener_dispenser_l250mm.jpg,Aerosol Air Freshener Dispenser
13502842,Public Place Aerosol Air Freshener Dispenser 1.5V Batteries,https://www.scentairmachines.com/sale-13502842-public-place-aerosol-air-freshener-dispenser-1-5v-batteries.html,https://www.scentairmachines.com/photo/pt32370811-public_place_aerosol_air_freshener_dispenser_1_5v_batteries.jpg,Aerosol Air Freshener Dispenser
13502667,300ml Refills Continuous Air Freshener Dispenser Mute Stand Alone,https://www.scentairmachines.com/sale-13502667-300ml-refills-continuous-air-freshener-dispenser-mute-stand-alone.html,https://www.scentairmachines.com/photo/pt32370442-300ml_refills_continuous_air_freshener_dispenser_mute_stand_alone.jpg,Aerosol Air Freshener Dispenser
26595158,300ml Toilet Automatic Air Freshener Dispenser 2xAA Battery Perfume Fragrance,https://www.scentairmachines.com/sale-26595158-300ml-toilet-automatic-air-freshener-dispenser-2xaa-battery-perfume-fragrance.html,https://www.scentairmachines.com/photo/pt94748694-300ml_toilet_automatic_air_freshener_dispenser_2xaa_battery_perfume_fragrance.jpg,Aerosol Air Freshener Dispenser
13502544,Aerosol Battery Operated Air Freshener Dispenser 350ml,https://www.scentairmachines.com/sale-13502544-aerosol-battery-operated-air-freshener-dispenser-350ml.html,https://www.scentairmachines.com/photo/pt32369894-aerosol_battery_operated_air_freshener_dispenser_350ml.jpg,Aerosol Air Freshener Dispenser
13502486,Mini AA Battery Aerosol Air Freshener Dispenser 81x221mm,https://www.scentairmachines.com/sale-13502486-mini-aa-battery-aerosol-air-freshener-dispenser-81x221mm.html,https://www.scentairmachines.com/photo/pt32369590-mini_aa_battery_aerosol_air_freshener_dispenser_81x221mm.jpg,Aerosol Air Freshener Dispenser
13502344,"ABS Toilet Fragrance Dispenser , LCD Wall Mounted Air Freshener Spray",https://www.scentairmachines.com/sale-13502344-abs-toilet-fragrance-dispenser-lcd-wall-mounted-air-freshener-spray.html,https://www.scentairmachines.com/photo/pt32368696-abs_toilet_fragrance_dispenser_lcd_wall_mounted_air_freshener_spray.jpg,Aerosol Air Freshener Dispenser
13536992,75ml Solid Fragrance Aerosol Air Freshener Dispenser Auto Fan,https://www.scentairmachines.com/sale-13536992-75ml-solid-fragrance-aerosol-air-freshener-dispenser-auto-fan.html,https://www.scentairmachines.com/photo/pt32512483-75ml_solid_fragrance_aerosol_air_freshener_dispenser_auto_fan.jpg,Aerosol Air Freshener Dispenser
13536910,"PP Auto Spray Perfume Dispenser , 4xAA Essential Oil Dispenser",https://www.scentairmachines.com/sale-13536910-pp-auto-spray-perfume-dispenser-4xaa-essential-oil-dispenser.html,https://www.scentairmachines.com/photo/pt32512102-pp_auto_spray_perfume_dispenser_4xaa_essential_oil_dispenser.jpg,Aerosol Air Freshener Dispenser
13507997,35ml Perfume Aerosol Air Freshener Dispenser Battery Operated,https://www.scentairmachines.com/sale-13507997-35ml-perfume-aerosol-air-freshener-dispenser-battery-operated.html,https://www.scentairmachines.com/photo/pt32394497-35ml_perfume_aerosol_air_freshener_dispenser_battery_operated.jpg,Aerosol Air Freshener Dispenser
13515514,Leisure Club Aerosol Air Freshener Dispenser 82x84x237mm,https://www.scentairmachines.com/sale-13515514-leisure-club-aerosol-air-freshener-dispenser-82x84x237mm.html,https://www.scentairmachines.com/photo/pt32425263-leisure_club_aerosol_air_freshener_dispenser_82x84x237mm.jpg,Aerosol Air Freshener Dispenser
13510801,"Hotel Aerosol Air Freshener Dispenser , PP Auto Spray Perfume Dispenser",https://www.scentairmachines.com/sale-13510801-hotel-aerosol-air-freshener-dispenser-pp-auto-spray-perfume-dispenser.html,https://www.scentairmachines.com/photo/pt32406190-hotel_aerosol_air_freshener_dispenser_pp_auto_spray_perfume_dispenser.jpg,Aerosol Air Freshener Dispenser
13510776,"CPU control Automatic Aerosol Dispenser , Toilet Air Freshener Dispenser L237mm",https://www.scentairmachines.com/sale-13510776-cpu-control-automatic-aerosol-dispenser-toilet-air-freshener-dispenser-l237mm.html,https://www.scentairmachines.com/photo/pt32405906-cpu_control_automatic_aerosol_dispenser_toilet_air_freshener_dispenser_l237mm.jpg,Aerosol Air Freshener Dispenser
13510681,237x82x80mm Aerosol Air Freshener Dispenser For KTV,https://www.scentairmachines.com/sale-13510681-237x82x80mm-aerosol-air-freshener-dispenser-for-ktv.html,https://www.scentairmachines.com/photo/pt32405564-237x82x80mm_aerosol_air_freshener_dispenser_for_ktv.jpg,Aerosol Air Freshener Dispenser
13510622,1.5V Automatic Aerosol Dispenser Air Freshener Wall Mounted,https://www.scentairmachines.com/sale-13510622-1-5v-automatic-aerosol-dispenser-air-freshener-wall-mounted.html,https://www.scentairmachines.com/photo/pt32405436-1_5v_automatic_aerosol_dispenser_air_freshener_wall_mounted.jpg,Aerosol Air Freshener Dispenser
13510584,320ml Aerosol Air Freshener Dispenser Remote Control,https://www.scentairmachines.com/sale-13510584-320ml-aerosol-air-freshener-dispenser-remote-control.html,https://www.scentairmachines.com/photo/pt32405394-320ml_aerosol_air_freshener_dispenser_remote_control.jpg,Aerosol Air Freshener Dispenser
13510418,Hotel Microcomputer Fragrance Spray Machine 22kg,https://www.scentairmachines.com/sale-13510418-hotel-microcomputer-fragrance-spray-machine-22kg.html,https://www.scentairmachines.com/photo/pt32404775-hotel_microcomputer_fragrance_spray_machine_22kg.jpg,Aerosol Air Freshener Dispenser
13510409,Hotel LED Display Aerosol Air Freshener Dispenser 300ml,https://www.scentairmachines.com/sale-13510409-hotel-led-display-aerosol-air-freshener-dispenser-300ml.html,https://www.scentairmachines.com/photo/pt32404748-hotel_led_display_aerosol_air_freshener_dispenser_300ml.jpg,Aerosol Air Freshener Dispenser
13508499,Plastic H238mm Auto Spray Perfume Dispenser 1 Year Warranty,https://www.scentairmachines.com/sale-13508499-plastic-h238mm-auto-spray-perfume-dispenser-1-year-warranty.html,https://www.scentairmachines.com/photo/pt32396828-plastic_h238mm_auto_spray_perfume_dispenser_1_year_warranty.jpg,Aerosol Air Freshener Dispenser
13508451,Digital LCD Aerosol Air Freshener Dispenser For Bathroom,https://www.scentairmachines.com/sale-13508451-digital-lcd-aerosol-air-freshener-dispenser-for-bathroom.html,https://www.scentairmachines.com/photo/pt32396655-digital_lcd_aerosol_air_freshener_dispenser_for_bathroom.jpg,Aerosol Air Freshener Dispenser
13508418,"0.32l Aerosol Perfume Dispenser , LCD Wall Mounted Bathroom Air Freshener",https://www.scentairmachines.com/sale-13508418-0-32l-aerosol-perfume-dispenser-lcd-wall-mounted-bathroom-air-freshener.html,https://www.scentairmachines.com/photo/pt32396284-0_32l_aerosol_perfume_dispenser_lcd_wall_mounted_bathroom_air_freshener.jpg,Aerosol Air Freshener Dispenser
13508332,"Jewelry Shop Air Freshener Dispenser , Aerosol Spray Dispenser OEM ODM",https://www.scentairmachines.com/sale-13508332-jewelry-shop-air-freshener-dispenser-aerosol-spray-dispenser-oem-odm.html,https://www.scentairmachines.com/photo/pt32396184-jewelry_shop_air_freshener_dispenser_aerosol_spray_dispenser_oem_odm.jpg,Aerosol Air Freshener Dispenser
13508314,"ABS Remote Control Air Freshener , 0.32l Auto Aerosol Dispenser",https://www.scentairmachines.com/sale-13508314-abs-remote-control-air-freshener-0-32l-auto-aerosol-dispenser.html,https://www.scentairmachines.com/photo/pt32396119-abs_remote_control_air_freshener_0_32l_auto_aerosol_dispenser.jpg,Aerosol Air Freshener Dispenser
13508275,Hotel Lobby Aerosol Air Freshener Dispenser 237x82x80mm,https://www.scentairmachines.com/sale-13508275-hotel-lobby-aerosol-air-freshener-dispenser-237x82x80mm.html,https://www.scentairmachines.com/photo/pt32396011-hotel_lobby_aerosol_air_freshener_dispenser_237x82x80mm.jpg,Aerosol Air Freshener Dispenser
13508038,Lcd Wall Mounted Automatic Perfume Dispenser Air Freshener,https://www.scentairmachines.com/sale-13508038-lcd-wall-mounted-automatic-perfume-dispenser-air-freshener.html,https://www.scentairmachines.com/photo/pt32394709-lcd_wall_mounted_automatic_perfume_dispenser_air_freshener.jpg,Aerosol Air Freshener Dispenser
13507795,"Programmable Aerosol Room Freshener , 300ml Automatic Perfume Dispenser",https://www.scentairmachines.com/sale-13507795-programmable-aerosol-room-freshener-300ml-automatic-perfume-dispenser.html,https://www.scentairmachines.com/photo/pt32393638-programmable_aerosol_room_freshener_300ml_automatic_perfume_dispenser.jpg,Aerosol Air Freshener Dispenser
13507790,KWS Automatic Room Air Freshener Dispenser With Remote CE certified,https://www.scentairmachines.com/sale-13507790-kws-automatic-room-air-freshener-dispenser-with-remote-ce-certified.html,https://www.scentairmachines.com/photo/pt32393600-kws_automatic_room_air_freshener_dispenser_with_remote_ce_certified.jpg,Aerosol Air Freshener Dispenser
13502866,RoHS Automatic Air Freshener Dispenser Bathroom Timed Air,https://www.scentairmachines.com/sale-13502866-rohs-automatic-air-freshener-dispenser-bathroom-timed-air.html,https://www.scentairmachines.com/photo/pt32371057-rohs_automatic_air_freshener_dispenser_bathroom_timed_air.jpg,Aerosol Air Freshener Dispenser
13535125,Observation Window Hand Paper Towel Dispenser,https://www.scentairmachines.com/quality-13535125-observation-window-hand-paper-towel-dispenser,https://www.scentairmachines.com/photo/pt32504321-observation_window_hand_paper_towel_dispenser.jpg,Hand Paper Towel Dispenser
13572105,SS Hand Paper Towel Dispenser Wall Mounted,https://www.scentairmachines.com/quality-13572105-ss-hand-paper-towel-dispenser-wall-mounted,https://www.scentairmachines.com/photo/pt32669706-ss_hand_paper_towel_dispenser_wall_mounted.jpg,Hand Paper Towel Dispenser
13571832,19kgs Waterproof Paper Towel Dispenser,https://www.scentairmachines.com/quality-13571832-19kgs-waterproof-paper-towel-dispenser,https://www.scentairmachines.com/photo/pt32669054-19kgs_waterproof_paper_towel_dispenser.jpg,Hand Paper Towel Dispenser
13552852,30x13x28.3cm Manual Paper Towel Dispenser,https://www.scentairmachines.com/quality-13552852-30x13x28-3cm-manual-paper-towel-dispenser,https://www.scentairmachines.com/photo/pt32583598-30x13x28_3cm_manual_paper_towel_dispenser.jpg,Hand Paper Towel Dispenser
13552847,Jumbo Roll Wall Mounted Paper Towel Dispenser,https://www.scentairmachines.com/quality-13552847-jumbo-roll-wall-mounted-paper-towel-dispenser,https://www.scentairmachines.com/photo/pt32583559-jumbo_roll_wall_mounted_paper_towel_dispenser.jpg,Hand Paper Towel Dispenser
26472271,Public ABS Toilet Tissue Paper Dispenser 200mm Dia 135mmH Rolls,https://www.scentairmachines.com/sale-26472271-public-abs-toilet-tissue-paper-dispenser-200mm-dia-135mmh-rolls.html,https://www.scentairmachines.com/photo/pt94175299-public_abs_toilet_tissue_paper_dispenser_200mm_dia_135mmh_rolls.jpg,Hand Paper Towel Dispenser
13535170,Elegant Hand Towel Dispensers Wall Mounted smooth output,https://www.scentairmachines.com/sale-13535170-elegant-hand-towel-dispensers-wall-mounted-smooth-output.html,https://www.scentairmachines.com/photo/pt32504437-elegant_hand_towel_dispensers_wall_mounted_smooth_output.jpg,Hand Paper Towel Dispenser
13535166,KWS ABS Central Hand Paper Towel Dispenser Waterproof,https://www.scentairmachines.com/sale-13535166-kws-abs-central-hand-paper-towel-dispenser-waterproof.html,https://www.scentairmachines.com/photo/pt32504382-kws_abs_central_hand_paper_towel_dispenser_waterproof.jpg,Hand Paper Towel Dispenser
13535127,"CE Center Pull Hand Towel Dispenser , Hotel Paper Towel Roll Dispenser",https://www.scentairmachines.com/sale-13535127-ce-center-pull-hand-towel-dispenser-hotel-paper-towel-roll-dispenser.html,https://www.scentairmachines.com/photo/pt32504322-ce_center_pull_hand_towel_dispenser_hotel_paper_towel_roll_dispenser.jpg,Hand Paper Towel Dispenser
13535117,25.5x14cm Hand Paper Towel Dispenser Center Pull,https://www.scentairmachines.com/sale-13535117-25-5x14cm-hand-paper-towel-dispenser-center-pull.html,https://www.scentairmachines.com/photo/pt32504298-25_5x14cm_hand_paper_towel_dispenser_center_pull.jpg,Hand Paper Towel Dispenser
13535113,"25.5x14cm Pull Paper Towel Dispenser , 14.5kgs Center Pull Tissue Dispenser",https://www.scentairmachines.com/sale-13535113-25-5x14cm-pull-paper-towel-dispenser-14-5kgs-center-pull-tissue-dispenser.html,https://www.scentairmachines.com/photo/pt32504282-25_5x14cm_pull_paper_towel_dispenser_14_5kgs_center_pull_tissue_dispenser.jpg,Hand Paper Towel Dispenser
13447594,Center Pull Hand Paper Towel Dispenser ABS Plastic stainless finish,https://www.scentairmachines.com/sale-13447594-center-pull-hand-paper-towel-dispenser-abs-plastic-stainless-finish.html,https://www.scentairmachines.com/photo/pt32314768-center_pull_hand_paper_towel_dispenser_abs_plastic_stainless_finish.jpg,Hand Paper Towel Dispenser
13571968,KWS 525 Multifold Hand Paper Towel Dispenser Surface Mounted,https://www.scentairmachines.com/sale-13571968-kws-525-multifold-hand-paper-towel-dispenser-surface-mounted.html,https://www.scentairmachines.com/photo/pt32669594-kws_525_multifold_hand_paper_towel_dispenser_surface_mounted.jpg,Hand Paper Towel Dispenser
13571937,CE Dustproof Hand Towel Dispensers Wall Mounted Compact,https://www.scentairmachines.com/sale-13571937-ce-dustproof-hand-towel-dispensers-wall-mounted-compact.html,https://www.scentairmachines.com/photo/pt32669405-ce_dustproof_hand_towel_dispensers_wall_mounted_compact.jpg,Hand Paper Towel Dispenser
13571823,"H26.5cm Paper Towel Roll Dispenser , CE Hand Tissue Dispenser",https://www.scentairmachines.com/sale-13571823-h26-5cm-paper-towel-roll-dispenser-ce-hand-tissue-dispenser.html,https://www.scentairmachines.com/photo/pt32668985-h26_5cm_paper_towel_roll_dispenser_ce_hand_tissue_dispenser.jpg,Hand Paper Towel Dispenser
13571804,19kgs Hand Paper Towel Dispenser Save Paper L11.5cm,https://www.scentairmachines.com/sale-13571804-19kgs-hand-paper-towel-dispenser-save-paper-l11-5cm.html,https://www.scentairmachines.com/photo/pt32668933-19kgs_hand_paper_towel_dispenser_save_paper_l11_5cm.jpg,Hand Paper Towel Dispenser
13571777,H26.5cm Wall Mounted Toilet Tissue Dispenser for Hotel,https://www.scentairmachines.com/sale-13571777-h26-5cm-wall-mounted-toilet-tissue-dispenser-for-hotel.html,https://www.scentairmachines.com/photo/pt32668792-h26_5cm_wall_mounted_toilet_tissue_dispenser_for_hotel.jpg,Hand Paper Towel Dispenser
13571768,CE 200 tissues Hand Paper Towel Dispenser With Lock,https://www.scentairmachines.com/sale-13571768-ce-200-tissues-hand-paper-towel-dispenser-with-lock.html,https://www.scentairmachines.com/photo/pt32668731-ce_200_tissues_hand_paper_towel_dispenser_with_lock.jpg,Hand Paper Towel Dispenser
13571738,Apartment SS304 Hand Paper Towel Dispenser Wall Mounted,https://www.scentairmachines.com/sale-13571738-apartment-ss304-hand-paper-towel-dispenser-wall-mounted.html,https://www.scentairmachines.com/photo/pt32667917-apartment_ss304_hand_paper_towel_dispenser_wall_mounted.jpg,Hand Paper Towel Dispenser
13554562,"SS304 Hand Towel Paper Dispenser , L30CM Tissue Holder Dispenser",https://www.scentairmachines.com/sale-13554562-ss304-hand-towel-paper-dispenser-l30cm-tissue-holder-dispenser.html,https://www.scentairmachines.com/photo/pt32591715-ss304_hand_towel_paper_dispenser_l30cm_tissue_holder_dispenser.jpg,Hand Paper Towel Dispenser
13554427,Toilet Acidproof Hand Paper Towel Dispenser germ free,https://www.scentairmachines.com/sale-13554427-toilet-acidproof-hand-paper-towel-dispenser-germ-free.html,https://www.scentairmachines.com/photo/pt32591031-toilet_acidproof_hand_paper_towel_dispenser_germ_free.jpg,Hand Paper Towel Dispenser
13553786,Lockable SS Hand Paper Towel Dispenser 30x13x28.3cm,https://www.scentairmachines.com/sale-13553786-lockable-ss-hand-paper-towel-dispenser-30x13x28-3cm.html,https://www.scentairmachines.com/photo/pt32588456-lockable_ss_hand_paper_towel_dispenser_30x13x28_3cm.jpg,Hand Paper Towel Dispenser
13553746,"W13cm Manual Paper Towel Dispenser , Apartment Wall Tissue Box Holder",https://www.scentairmachines.com/sale-13553746-w13cm-manual-paper-towel-dispenser-apartment-wall-tissue-box-holder.html,https://www.scentairmachines.com/photo/pt32588306-w13cm_manual_paper_towel_dispenser_apartment_wall_tissue_box_holder.jpg,Hand Paper Towel Dispenser
13552851,"KWS Jumbo Roll Paper Dispenser , H28cm Wall Mounted Paper Towel Dispenser",https://www.scentairmachines.com/sale-13552851-kws-jumbo-roll-paper-dispenser-h28cm-wall-mounted-paper-towel-dispenser.html,https://www.scentairmachines.com/photo/pt32583565-kws_jumbo_roll_paper_dispenser_h28cm_wall_mounted_paper_towel_dispenser.jpg,Hand Paper Towel Dispenser
13552840,Bathroom Fully Sealed Hand Paper Towel Dispenser Mildewproof,https://www.scentairmachines.com/sale-13552840-bathroom-fully-sealed-hand-paper-towel-dispenser-mildewproof.html,https://www.scentairmachines.com/photo/pt32583482-bathroom_fully_sealed_hand_paper_towel_dispenser_mildewproof.jpg,Hand Paper Towel Dispenser
13607023,74g Essential Oil Car Freshener,https://www.scentairmachines.com/quality-13607023-74g-essential-oil-car-freshener,https://www.scentairmachines.com/photo/pt32818624-74g_essential_oil_car_freshener.jpg,Car Scent Diffuser
13607017,RoHS Oil Diffuser Car Air Freshener,https://www.scentairmachines.com/quality-13607017-rohs-oil-diffuser-car-air-freshener,https://www.scentairmachines.com/photo/pt32818014-rohs_oil_diffuser_car_air_freshener.jpg,Car Scent Diffuser
13596147,Ultrasonic Cool Mist Essential Oil Humidifier,https://www.scentairmachines.com/quality-13596147-ultrasonic-cool-mist-essential-oil-humidifier,https://www.scentairmachines.com/photo/pt32769694-ultrasonic_cool_mist_essential_oil_humidifier.jpg,Car Scent Diffuser
13593748,Waterless Nebulizing Scent Diffuser,https://www.scentairmachines.com/quality-13593748-waterless-nebulizing-scent-diffuser,https://www.scentairmachines.com/photo/pt32758353-waterless_nebulizing_scent_diffuser.jpg,Car Scent Diffuser
13592392,Rechargeable Car Air Freshener Essential Oil Diffuser,https://www.scentairmachines.com/quality-13592392-rechargeable-car-air-freshener-essential-oil-diffuser,https://www.scentairmachines.com/photo/pt32751619-rechargeable_car_air_freshener_essential_oil_diffuser.jpg,Car Scent Diffuser
13596258,"5W Car Air Freshener Diffuser , RoHS Car Fragrance Diffuser",https://www.scentairmachines.com/sale-13596258-5w-car-air-freshener-diffuser-rohs-car-fragrance-diffuser.html,https://www.scentairmachines.com/photo/pt32770242-5w_car_air_freshener_diffuser_rohs_car_fragrance_diffuser.jpg,Car Scent Diffuser
13596235,Essential Oil Rechargeable Car Scent Diffuser With Timer Program,https://www.scentairmachines.com/sale-13596235-essential-oil-rechargeable-car-scent-diffuser-with-timer-program.html,https://www.scentairmachines.com/photo/pt32769928-essential_oil_rechargeable_car_scent_diffuser_with_timer_program.jpg,Car Scent Diffuser
13593751,"W105mm Car Scent Diffuser , KWS Essential Oil For Car Smell",https://www.scentairmachines.com/sale-13593751-w105mm-car-scent-diffuser-kws-essential-oil-for-car-smell.html,https://www.scentairmachines.com/photo/pt32758364-w105mm_car_scent_diffuser_kws_essential_oil_for_car_smell.jpg,Car Scent Diffuser
13593018,"Alum Car Smell Diffuser , Pure Perfume Car Air Freshener",https://www.scentairmachines.com/sale-13593018-alum-car-smell-diffuser-pure-perfume-car-air-freshener.html,https://www.scentairmachines.com/photo/pt32754672-alum_car_smell_diffuser_pure_perfume_car_air_freshener.jpg,Car Scent Diffuser
13593753,H125mm Auto Shutoff Car Scent Diffuser 30Hrs Working Time,https://www.scentairmachines.com/sale-13593753-h125mm-auto-shutoff-car-scent-diffuser-30hrs-working-time.html,https://www.scentairmachines.com/photo/pt32758366-h125mm_auto_shutoff_car_scent_diffuser_30hrs_working_time.jpg,Car Scent Diffuser
13944540,Essential Oil Car Aroma Diffuser 5 / 10ml Refillable Bottle For Home Office,https://www.scentairmachines.com/sale-13944540-essential-oil-car-aroma-diffuser-5-10ml-refillable-bottle-for-home-office.html,https://www.scentairmachines.com/photo/pt34366577-essential_oil_car_aroma_diffuser_5_10ml_refillable_bottle_for_home_office.jpg,Car Scent Diffuser
14162943,Type C Battery Operated Aroma Car Diffuser Essential Oil 15-20ml Capacity,https://www.scentairmachines.com/sale-14162943-type-c-battery-operated-aroma-car-diffuser-essential-oil-15-20ml-capacity.html,https://www.scentairmachines.com/photo/pt35309010-type_c_battery_operated_aroma_car_diffuser_essential_oil_15_20ml_capacity.jpg,Car Scent Diffuser
13607022,"Battery Car Ultrasonic Humidifier , 74g Air Freshener Diffuser Car",https://www.scentairmachines.com/sale-13607022-battery-car-ultrasonic-humidifier-74g-air-freshener-diffuser-car.html,https://www.scentairmachines.com/photo/pt32818623-battery_car_ultrasonic_humidifier_74g_air_freshener_diffuser_car.jpg,Car Scent Diffuser
13606768,"Waterless ABS Car Scent Diffuser , Cool Mist Humidifier Scents 10x4.2x8.5Cm",https://www.scentairmachines.com/sale-13606768-waterless-abs-car-scent-diffuser-cool-mist-humidifier-scents-10x4-2x8-5cm.html,https://www.scentairmachines.com/photo/pt32815132-waterless_abs_car_scent_diffuser_cool_mist_humidifier_scents_10x4_2x8_5cm.jpg,Car Scent Diffuser
13607025,Intelligent Time Car Scent Diffuser Lightweight 74g,https://www.scentairmachines.com/sale-13607025-intelligent-time-car-scent-diffuser-lightweight-74g.html,https://www.scentairmachines.com/photo/pt32818627-intelligent_time_car_scent_diffuser_lightweight_74g.jpg,Car Scent Diffuser
13595976,185x105x125mm Perfume Essential Oil Car Freshener Aluminum,https://www.scentairmachines.com/sale-13595976-185x105x125mm-perfume-essential-oil-car-freshener-aluminum.html,https://www.scentairmachines.com/photo/pt32769221-185x105x125mm_perfume_essential_oil_car_freshener_aluminum.jpg,Car Scent Diffuser
13595961,"KWS Car Scent Diffuser , Aluminum Fragrance Oil Car Diffuser",https://www.scentairmachines.com/sale-13595961-kws-car-scent-diffuser-aluminum-fragrance-oil-car-diffuser.html,https://www.scentairmachines.com/photo/pt32769165-kws_car_scent_diffuser_aluminum_fragrance_oil_car_diffuser.jpg,Car Scent Diffuser
13593752,"5W Battery Operated Mini Humidifier , L185MM Car Diffuser Air Freshener",https://www.scentairmachines.com/sale-13593752-5w-battery-operated-mini-humidifier-l185mm-car-diffuser-air-freshener.html,https://www.scentairmachines.com/photo/pt32758365-5w_battery_operated_mini_humidifier_l185mm_car_diffuser_air_freshener.jpg,Car Scent Diffuser
13593750,USB Mini 10ml Car Scent Diffuser Desktop Installation,https://www.scentairmachines.com/sale-13593750-usb-mini-10ml-car-scent-diffuser-desktop-installation.html,https://www.scentairmachines.com/photo/pt32758361-usb_mini_10ml_car_scent_diffuser_desktop_installation.jpg,Car Scent Diffuser
13593749,"L185mm Ultrasonic Fragrance Diffuser , 10ml Oil Diffuser Car Air Freshener",https://www.scentairmachines.com/sale-13593749-l185mm-ultrasonic-fragrance-diffuser-10ml-oil-diffuser-car-air-freshener.html,https://www.scentairmachines.com/photo/pt32758360-l185mm_ultrasonic_fragrance_diffuser_10ml_oil_diffuser_car_air_freshener.jpg,Car Scent Diffuser
13593746,usb Desktop Car Scent Essential Oil Diffuser Easy Replace Oil Bottle,https://www.scentairmachines.com/sale-13593746-usb-desktop-car-scent-essential-oil-diffuser-easy-replace-oil-bottle.html,https://www.scentairmachines.com/photo/pt32757968-usb_desktop_car_scent_essential_oil_diffuser_easy_replace_oil_bottle.jpg,Car Scent Diffuser
13593636,USB Waterless Essential Oil Diffuser Air Freshener For Car,https://www.scentairmachines.com/sale-13593636-usb-waterless-essential-oil-diffuser-air-freshener-for-car.html,https://www.scentairmachines.com/photo/pt32755388-usb_waterless_essential_oil_diffuser_air_freshener_for_car.jpg,Car Scent Diffuser
13593138,5W USB Rechargeable Car Scent Diffuser 185x105mm,https://www.scentairmachines.com/sale-13593138-5w-usb-rechargeable-car-scent-diffuser-185x105mm.html,https://www.scentairmachines.com/photo/pt32755209-5w_usb_rechargeable_car_scent_diffuser_185x105mm.jpg,Car Scent Diffuser
13592549,CE Ultrasonic Car Scent Diffuser With 200mAh Battery,https://www.scentairmachines.com/sale-13592549-ce-ultrasonic-car-scent-diffuser-with-200mah-battery.html,https://www.scentairmachines.com/photo/pt32752060-ce_ultrasonic_car_scent_diffuser_with_200mah_battery.jpg,Car Scent Diffuser
13592491,HVAC Car Scent Essential Oil Diffuser Light Weight,https://www.scentairmachines.com/sale-13592491-hvac-car-scent-essential-oil-diffuser-light-weight.html,https://www.scentairmachines.com/photo/pt32751691-hvac_car_scent_essential_oil_diffuser_light_weight.jpg,Car Scent Diffuser
13592384,No Heat Humidifier Car Scent Diffuser 10ml Capacity,https://www.scentairmachines.com/sale-13592384-no-heat-humidifier-car-scent-diffuser-10ml-capacity.html,https://www.scentairmachines.com/photo/pt32751535-no_heat_humidifier_car_scent_diffuser_10ml_capacity.jpg,Car Scent Diffuser
13591749,Blue USB Powerful Car Scent Diffuser RoHS certificate,https://www.scentairmachines.com/sale-13591749-blue-usb-powerful-car-scent-diffuser-rohs-certificate.html,https://www.scentairmachines.com/photo/pt32749214-blue_usb_powerful_car_scent_diffuser_rohs_certificate.jpg,Car Scent Diffuser
13581935,"USB Essential Oil Diffuser , Waterless Essential Oil Nebulizer 500ml Bottle",https://www.scentairmachines.com/sale-13581935-usb-essential-oil-diffuser-waterless-essential-oil-nebulizer-500ml-bottle.html,https://www.scentairmachines.com/photo/pt32709959-usb_essential_oil_diffuser_waterless_essential_oil_nebulizer_500ml_bottle.jpg,Car Scent Diffuser
13581903,"KWS Usb Car Essential Oil Diffuser , CE Essential Oil Aromatherapy Diffuser",https://www.scentairmachines.com/sale-13581903-kws-usb-car-essential-oil-diffuser-ce-essential-oil-aromatherapy-diffuser.html,https://www.scentairmachines.com/photo/pt32708901-kws_usb_car_essential_oil_diffuser_ce_essential_oil_aromatherapy_diffuser.jpg,Car Scent Diffuser
13610039,Wall Mounted Elbow Press Soap Dispenser,https://www.scentairmachines.com/quality-13610039-wall-mounted-elbow-press-soap-dispenser,https://www.scentairmachines.com/photo/pt32829297-wall_mounted_elbow_press_soap_dispenser.jpg,Manual Soap Dispenser
13608178,60x70x220mm Manual Liquid Soap Dispenser,https://www.scentairmachines.com/quality-13608178-60x70x220mm-manual-liquid-soap-dispenser,https://www.scentairmachines.com/photo/pt32822917-60x70x220mm_manual_liquid_soap_dispenser.jpg,Manual Soap Dispenser
13514361,Hotel Refillable Liquid Soap Dispenser,https://www.scentairmachines.com/quality-13514361-hotel-refillable-liquid-soap-dispenser,https://www.scentairmachines.com/photo/pt32422342-hotel_refillable_liquid_soap_dispenser.jpg,Manual Soap Dispenser
13515378,Wall Mounted Hand Sanitizer Soap Dispenser,https://www.scentairmachines.com/quality-13515378-wall-mounted-hand-sanitizer-soap-dispenser,https://www.scentairmachines.com/photo/pt32425087-wall_mounted_hand_sanitizer_soap_dispenser.jpg,Manual Soap Dispenser
13513835,Kitchen Liquid Foam Soap Dispenser,https://www.scentairmachines.com/quality-13513835-kitchen-liquid-foam-soap-dispenser,https://www.scentairmachines.com/photo/pt32417136-kitchen_liquid_foam_soap_dispenser.jpg,Manual Soap Dispenser
13610147,1000ml Elbow Operated Hand Sanitiser Dispenser L90mm Wall Mount,https://www.scentairmachines.com/sale-13610147-1000ml-elbow-operated-hand-sanitiser-dispenser-l90mm-wall-mount.html,https://www.scentairmachines.com/photo/pt32832572-1000ml_elbow_operated_hand_sanitiser_dispenser_l90mm_wall_mount.jpg,Manual Soap Dispenser
13610144,90x230x287mm Manual Soap Dispenser 500ml Large Capacity,https://www.scentairmachines.com/sale-13610144-90x230x287mm-manual-soap-dispenser-500ml-large-capacity.html,https://www.scentairmachines.com/photo/pt32832486-90x230x287mm_manual_soap_dispenser_500ml_large_capacity.jpg,Manual Soap Dispenser
13610141,"1L Touch Free Liquid Soap Dispenser , CE Elbow Hand Sanitizer Dispenser",https://www.scentairmachines.com/sale-13610141-1l-touch-free-liquid-soap-dispenser-ce-elbow-hand-sanitizer-dispenser.html,https://www.scentairmachines.com/photo/pt32832466-1l_touch_free_liquid_soap_dispenser_ce_elbow_hand_sanitizer_dispenser.jpg,Manual Soap Dispenser
13610138,Pressure 35.2oz Manual Soap Dispenser For Bathroom,https://www.scentairmachines.com/sale-13610138-pressure-35-2oz-manual-soap-dispenser-for-bathroom.html,https://www.scentairmachines.com/photo/pt32832104-pressure_35_2oz_manual_soap_dispenser_for_bathroom.jpg,Manual Soap Dispenser
13609537,ABS Elbow Operated Manual Soap Dispenser wall mounted,https://www.scentairmachines.com/sale-13609537-abs-elbow-operated-manual-soap-dispenser-wall-mounted.html,https://www.scentairmachines.com/photo/pt32825205-abs_elbow_operated_manual_soap_dispenser_wall_mounted.jpg,Manual Soap Dispenser
13608588,"plastic Elbow Operated Sanitizer Dispenser , hand push Hospital Soap Dispenser",https://www.scentairmachines.com/sale-13608588-plastic-elbow-operated-sanitizer-dispenser-hand-push-hospital-soap-dispenser.html,https://www.scentairmachines.com/photo/pt32824975-plastic_elbow_operated_sanitizer_dispenser_hand_push_hospital_soap_dispenser.jpg,Manual Soap Dispenser
13608293,"1000ml Manual Soap Dispenser , Alcohol Hand Gel Dispenser OEM Label",https://www.scentairmachines.com/sale-13608293-1000ml-manual-soap-dispenser-alcohol-hand-gel-dispenser-oem-label.html,https://www.scentairmachines.com/photo/pt32823432-1000ml_manual_soap_dispenser_alcohol_hand_gel_dispenser_oem_label.jpg,Manual Soap Dispenser
13608268,"H220mm Hand Lotion Pump Dispenser , KWS Manual Hand Soap Dispenser",https://www.scentairmachines.com/sale-13608268-h220mm-hand-lotion-pump-dispenser-kws-manual-hand-soap-dispenser.html,https://www.scentairmachines.com/photo/pt32823385-h220mm_hand_lotion_pump_dispenser_kws_manual_hand_soap_dispenser.jpg,Manual Soap Dispenser
13608137,ABS Wall Mounted Foaming Hand Soap Dispenser 60x70x220mm,https://www.scentairmachines.com/sale-13608137-abs-wall-mounted-foaming-hand-soap-dispenser-60x70x220mm.html,https://www.scentairmachines.com/photo/pt32822739-abs_wall_mounted_foaming_hand_soap_dispenser_60x70x220mm.jpg,Manual Soap Dispenser
13608250,Alcohol Liquid 6.8kg Manual Soap Dispenser ROHS certificate,https://www.scentairmachines.com/sale-13608250-alcohol-liquid-6-8kg-manual-soap-dispenser-rohs-certificate.html,https://www.scentairmachines.com/photo/pt32823004-alcohol_liquid_6_8kg_manual_soap_dispenser_rohs_certificate.jpg,Manual Soap Dispenser
13515004,Anti Acid ABS Refillable Manual Soap Dispenser For Bathroom,https://www.scentairmachines.com/sale-13515004-anti-acid-abs-refillable-manual-soap-dispenser-for-bathroom.html,https://www.scentairmachines.com/photo/pt32422972-anti_acid_abs_refillable_manual_soap_dispenser_for_bathroom.jpg,Manual Soap Dispenser
13514249,600ml Wall Mounted Kitchen Soap Dispenser 115x230mm easy assemble,https://www.scentairmachines.com/sale-13514249-600ml-wall-mounted-kitchen-soap-dispenser-115x230mm-easy-assemble.html,https://www.scentairmachines.com/photo/pt32424852-600ml_wall_mounted_kitchen_soap_dispenser_115x230mm_easy_assemble.jpg,Manual Soap Dispenser
13513918,0.35L Manual Soap Dispenser 170x85x90mm For Kitchen,https://www.scentairmachines.com/sale-13513918-0-35l-manual-soap-dispenser-170x85x90mm-for-kitchen.html,https://www.scentairmachines.com/photo/pt32420860-0_35l_manual_soap_dispenser_170x85x90mm_for_kitchen.jpg,Manual Soap Dispenser
13513875,Refillable Foaming Hand Wash Dispenser 4xAA Batteries,https://www.scentairmachines.com/sale-13513875-refillable-foaming-hand-wash-dispenser-4xaa-batteries.html,https://www.scentairmachines.com/photo/pt32420699-refillable_foaming_hand_wash_dispenser_4xaa_batteries.jpg,Manual Soap Dispenser
13437580,"350ml Manual Soap Dispenser , compact Hand Sanitiser Liquid Dispenser",https://www.scentairmachines.com/sale-13437580-350ml-manual-soap-dispenser-compact-hand-sanitiser-liquid-dispenser.html,https://www.scentairmachines.com/photo/pt32079602-350ml_manual_soap_dispenser_compact_hand_sanitiser_liquid_dispenser.jpg,Manual Soap Dispenser
13618676,3 in 1 20 Litre Stainless Steel Pedal Bin,https://www.scentairmachines.com/quality-13618676-3-in-1-20-litre-stainless-steel-pedal-bin,https://www.scentairmachines.com/photo/pt32872348-3_in_1_20_litre_stainless_steel_pedal_bin.jpg,Pedal Sanitary Bin
13618573,Napkin Sanitary Toilet Pedal Bin,https://www.scentairmachines.com/quality-13618573-napkin-sanitary-toilet-pedal-bin,https://www.scentairmachines.com/photo/pt32871351-napkin_sanitary_toilet_pedal_bin.jpg,Pedal Sanitary Bin
13617898,12L Small Rectangle Bathroom Bin,https://www.scentairmachines.com/quality-13617898-12l-small-rectangle-bathroom-bin,https://www.scentairmachines.com/photo/pt32868620-12l_small_rectangle_bathroom_bin.jpg,Pedal Sanitary Bin
13535535,20L Capacity Toilet Waste Bin,https://www.scentairmachines.com/quality-13535535-20l-capacity-toilet-waste-bin,https://www.scentairmachines.com/photo/pt32505709-20l_capacity_toilet_waste_bin.jpg,Pedal Sanitary Bin
13535192,Slimline Sanitary Bins For Ladies Toilets,https://www.scentairmachines.com/quality-13535192-slimline-sanitary-bins-for-ladies-toilets,https://www.scentairmachines.com/photo/pt32504460-slimline_sanitary_bins_for_ladies_toilets.jpg,Pedal Sanitary Bin
13618649,Rose gold Rubbish Pedal Sanitary Bin For Car 4S Shop,https://www.scentairmachines.com/sale-13618649-rose-gold-rubbish-pedal-sanitary-bin-for-car-4s-shop.html,https://www.scentairmachines.com/photo/pt32872186-rose_gold_rubbish_pedal_sanitary_bin_for_car_4s_shop.jpg,Pedal Sanitary Bin
13618308,"20L Sanitary Waste Bins , KWS Stainless Steel Pedal Bin",https://www.scentairmachines.com/sale-13618308-20l-sanitary-waste-bins-kws-stainless-steel-pedal-bin.html,https://www.scentairmachines.com/photo/pt32869892-20l_sanitary_waste_bins_kws_stainless_steel_pedal_bin.jpg,Pedal Sanitary Bin
13617721,"Living Room Pedal Sanitary Bin , 16L Rectangle Stainless Steel Trash Can",https://www.scentairmachines.com/sale-13617721-living-room-pedal-sanitary-bin-16l-rectangle-stainless-steel-trash-can.html,https://www.scentairmachines.com/photo/pt32867820-living_room_pedal_sanitary_bin_16l_rectangle_stainless_steel_trash_can.jpg,Pedal Sanitary Bin
13617664,Household Kitchen Trash Can With Foot Pedal Silent Lid Close,https://www.scentairmachines.com/sale-13617664-household-kitchen-trash-can-with-foot-pedal-silent-lid-close.html,https://www.scentairmachines.com/photo/pt32866133-household_kitchen_trash_can_with_foot_pedal_silent_lid_close.jpg,Pedal Sanitary Bin
13616208,Garden Recycling Pedal Sanitary Bin CE Certificate,https://www.scentairmachines.com/sale-13616208-garden-recycling-pedal-sanitary-bin-ce-certificate.html,https://www.scentairmachines.com/photo/pt32856931-garden_recycling_pedal_sanitary_bin_ce_certificate.jpg,Pedal Sanitary Bin
13614812,"6L Foot Pedal Trash Bin , Rohs Foot Operated Garbage Bins",https://www.scentairmachines.com/sale-13614812-6l-foot-pedal-trash-bin-rohs-foot-operated-garbage-bins.html,https://www.scentairmachines.com/photo/pt32852991-6l_foot_pedal_trash_bin_rohs_foot_operated_garbage_bins.jpg,Pedal Sanitary Bin
13614700,Reliable Bathroom Sets Pedal Sanitary Bin 248X200X318mm,https://www.scentairmachines.com/sale-13614700-reliable-bathroom-sets-pedal-sanitary-bin-248x200x318mm.html,https://www.scentairmachines.com/photo/pt32852909-reliable_bathroom_sets_pedal_sanitary_bin_248x200x318mm.jpg,Pedal Sanitary Bin
13614621,"Pedal Stainless Steel Kitchen Bin , 8L Office Trash Can With Lid",https://www.scentairmachines.com/sale-13614621-pedal-stainless-steel-kitchen-bin-8l-office-trash-can-with-lid.html,https://www.scentairmachines.com/photo/pt32852421-pedal_stainless_steel_kitchen_bin_8l_office_trash_can_with_lid.jpg,Pedal Sanitary Bin
13614568,"2.6 Gallon Pedal Operated Dustbin , SS Kitchen Garbage Can With Lid",https://www.scentairmachines.com/sale-13614568-2-6-gallon-pedal-operated-dustbin-ss-kitchen-garbage-can-with-lid.html,https://www.scentairmachines.com/photo/pt32852153-2_6_gallon_pedal_operated_dustbin_ss_kitchen_garbage_can_with_lid.jpg,Pedal Sanitary Bin
13614504,10L Stainless Steel Pedal Sanitary Bin Toilet Recycle,https://www.scentairmachines.com/sale-13614504-10l-stainless-steel-pedal-sanitary-bin-toilet-recycle.html,https://www.scentairmachines.com/photo/pt32852010-10l_stainless_steel_pedal_sanitary_bin_toilet_recycle.jpg,Pedal Sanitary Bin
13614420,"OEM Foot Pedal Garbage Bin , 236X363mm Stainless Steel Recycling Bin",https://www.scentairmachines.com/sale-13614420-oem-foot-pedal-garbage-bin-236x363mm-stainless-steel-recycling-bin.html,https://www.scentairmachines.com/photo/pt32851655-oem_foot_pedal_garbage_bin_236x363mm_stainless_steel_recycling_bin.jpg,Pedal Sanitary Bin
13614194,Round Pedal Sanitary Bin large capacity For Shopping Mall,https://www.scentairmachines.com/sale-13614194-round-pedal-sanitary-bin-large-capacity-for-shopping-mall.html,https://www.scentairmachines.com/photo/pt32850477-round_pedal_sanitary_bin_large_capacity_for_shopping_mall.jpg,Pedal Sanitary Bin
13613989,"2.2 gallon Round Kitchen Garbage Cans , Trash Can With Foot Pedal Lid Opener",https://www.scentairmachines.com/sale-13613989-2-2-gallon-round-kitchen-garbage-cans-trash-can-with-foot-pedal-lid-opener.html,https://www.scentairmachines.com/photo/pt32849932-2_2_gallon_round_kitchen_garbage_cans_trash_can_with_foot_pedal_lid_opener.jpg,Pedal Sanitary Bin
13613827,Bathroom Pedal Sanitary Bin Dia 236X306mm 1 year Warrranty,https://www.scentairmachines.com/sale-13613827-bathroom-pedal-sanitary-bin-dia-236x306mm-1-year-warrranty.html,https://www.scentairmachines.com/photo/pt32845438-bathroom_pedal_sanitary_bin_dia_236x306mm_1_year_warrranty.jpg,Pedal Sanitary Bin
13535919,Indoor Lightweight Large Foot Pedal Trash Can 20L,https://www.scentairmachines.com/sale-13535919-indoor-lightweight-large-foot-pedal-trash-can-20l.html,https://www.scentairmachines.com/photo/pt32508113-indoor_lightweight_large_foot_pedal_trash_can_20l.jpg,Pedal Sanitary Bin
13535852,"KWS Pedal Sanitary Bin , 4kg Feminine Hygiene Disposal Bins",https://www.scentairmachines.com/sale-13535852-kws-pedal-sanitary-bin-4kg-feminine-hygiene-disposal-bins.html,https://www.scentairmachines.com/photo/pt32507891-kws_pedal_sanitary_bin_4kg_feminine_hygiene_disposal_bins.jpg,Pedal Sanitary Bin
13535843,"5.28 gallon Feminine Sanitary Bins , Pedal Feminine Products Trash Can",https://www.scentairmachines.com/sale-13535843-5-28-gallon-feminine-sanitary-bins-pedal-feminine-products-trash-can.html,https://www.scentairmachines.com/photo/pt32506977-5_28_gallon_feminine_sanitary_bins_pedal_feminine_products_trash_can.jpg,Pedal Sanitary Bin
13535196,"ABS Pedal Sanitary Bin , Ladies Sanitary Napkin Disposal Bin",https://www.scentairmachines.com/sale-13535196-abs-pedal-sanitary-bin-ladies-sanitary-napkin-disposal-bin.html,https://www.scentairmachines.com/photo/pt32504468-abs_pedal_sanitary_bin_ladies_sanitary_napkin_disposal_bin.jpg,Pedal Sanitary Bin
13535194,Toilet Lady Sanitary Napkin Disposal Bin 36x17.5x53.5cm,https://www.scentairmachines.com/sale-13535194-toilet-lady-sanitary-napkin-disposal-bin-36x17-5x53-5cm.html,https://www.scentairmachines.com/photo/pt32504464-toilet_lady_sanitary_napkin_disposal_bin_36x17_5x53_5cm.jpg,Pedal Sanitary Bin
13447388,"20L Pedal Sanitary Bin , ABS Feminine Hygiene Trash Cans",https://www.scentairmachines.com/sale-13447388-20l-pedal-sanitary-bin-abs-feminine-hygiene-trash-cans.html,https://www.scentairmachines.com/photo/pt32123770-20l_pedal_sanitary_bin_abs_feminine_hygiene_trash_cans.jpg,Pedal Sanitary Bin
13530821,Compact Female Sanitary Bins Disposal Units Antibacterial with 25L Space-free design,https://www.scentairmachines.com/sale-13530821-compact-female-sanitary-bins-disposal-units-antibacterial-with-25l-space-free-design.html,https://www.scentairmachines.com/photo/pt34577848-compact_female_sanitary_bins_disposal_units_antibacterial_with_25l_space_free_design.jpg,Pedal Sanitary Bin
13531087,Large Capacity 25L Sanitary Napkin Trash Can Smart Sensor For Public Commerical Space,https://www.scentairmachines.com/sale-13531087-large-capacity-25l-sanitary-napkin-trash-can-smart-sensor-for-public-commerical-space.html,https://www.scentairmachines.com/photo/pt34577673-large_capacity_25l_sanitary_napkin_trash_can_smart_sensor_for_public_commerical_space.jpg,Pedal Sanitary Bin
13552881,Hotel Mini Blow Dryer With Diffuser,https://www.scentairmachines.com/quality-13552881-hotel-mini-blow-dryer-with-diffuser,https://www.scentairmachines.com/photo/pt32583664-hotel_mini_blow_dryer_with_diffuser.jpg,Lightweight Hair Dryer
13552875,Anti Dropping Compact Travel Hair Dryer,https://www.scentairmachines.com/quality-13552875-anti-dropping-compact-travel-hair-dryer,https://www.scentairmachines.com/photo/pt32583646-anti_dropping_compact_travel_hair_dryer.jpg,Lightweight Hair Dryer
13552868,1.1kg Hair Blower And Dryer,https://www.scentairmachines.com/quality-13552868-1-1kg-hair-blower-and-dryer,https://www.scentairmachines.com/photo/pt32583631-1_1kg_hair_blower_and_dryer.jpg,Lightweight Hair Dryer
13552864,ABS Plastic Wall Mounting Hair Dryer,https://www.scentairmachines.com/quality-13552864-abs-plastic-wall-mounting-hair-dryer,https://www.scentairmachines.com/photo/pt32583623-abs_plastic_wall_mounting_hair_dryer.jpg,Lightweight Hair Dryer
13552860,1600W Lightweight Quiet Hair Dryer,https://www.scentairmachines.com/quality-13552860-1600w-lightweight-quiet-hair-dryer,https://www.scentairmachines.com/photo/pt32583618-1600w_lightweight_quiet_hair_dryer.jpg,Lightweight Hair Dryer
13552879,"CE Portable Salon Hair Dryer , 1kg Lightweight Ionic Hair Dryer",https://www.scentairmachines.com/sale-13552879-ce-portable-salon-hair-dryer-1kg-lightweight-ionic-hair-dryer.html,https://www.scentairmachines.com/photo/pt32583651-ce_portable_salon_hair_dryer_1kg_lightweight_ionic_hair_dryer.jpg,Lightweight Hair Dryer
13552877,Ionic Household Lightweight Hair Dryer ABS Material,https://www.scentairmachines.com/sale-13552877-ionic-household-lightweight-hair-dryer-abs-material.html,https://www.scentairmachines.com/photo/pt32583650-ionic_household_lightweight_hair_dryer_abs_material.jpg,Lightweight Hair Dryer
13552876,220V 1200W Lightweight Hair Dryer For Hotel Bath Room,https://www.scentairmachines.com/sale-13552876-220v-1200w-lightweight-hair-dryer-for-hotel-bath-room.html,https://www.scentairmachines.com/photo/pt32583649-220v_1200w_lightweight_hair_dryer_for_hotel_bath_room.jpg,Lightweight Hair Dryer
13552874,Salon 60dB Lightweight Hair Dryer 20m/S Airflow Speed,https://www.scentairmachines.com/sale-13552874-salon-60db-lightweight-hair-dryer-20m-s-airflow-speed.html,https://www.scentairmachines.com/photo/pt32583643-salon_60db_lightweight_hair_dryer_20m_s_airflow_speed.jpg,Lightweight Hair Dryer
13552873,"1.2kw High Power Blow Dryer , Lavatory Professional Hair Salon Dryer",https://www.scentairmachines.com/sale-13552873-1-2kw-high-power-blow-dryer-lavatory-professional-hair-salon-dryer.html,https://www.scentairmachines.com/photo/pt32583638-1_2kw_high_power_blow_dryer_lavatory_professional_hair_salon_dryer.jpg,Lightweight Hair Dryer
13552867,Wall Mount 2 Speeds Lightweight Hair Dryer 3 Temperatures For Bathrooms,https://www.scentairmachines.com/sale-13552867-wall-mount-2-speeds-lightweight-hair-dryer-3-temperatures-for-bathrooms.html,https://www.scentairmachines.com/photo/pt32583630-wall_mount_2_speeds_lightweight_hair_dryer_3_temperatures_for_bathrooms.jpg,Lightweight Hair Dryer
13552866,"220V Lightweight Travel Hair Dryer , Nano Ionic Salon Hair Blower",https://www.scentairmachines.com/sale-13552866-220v-lightweight-travel-hair-dryer-nano-ionic-salon-hair-blower.html,https://www.scentairmachines.com/photo/pt32583628-220v_lightweight_travel_hair_dryer_nano_ionic_salon_hair_blower.jpg,Lightweight Hair Dryer
13552863,Red 60dB Lightweight Quiet Hair Dryer 145x215x80mm,https://www.scentairmachines.com/sale-13552863-red-60db-lightweight-quiet-hair-dryer-145x215x80mm.html,https://www.scentairmachines.com/photo/pt32583622-red_60db_lightweight_quiet_hair_dryer_145x215x80mm.jpg,Lightweight Hair Dryer
13552862,ABS Plastic 1200 Watts Lightweight Hair Dryer Fast Drying,https://www.scentairmachines.com/sale-13552862-abs-plastic-1200-watts-lightweight-hair-dryer-fast-drying.html,https://www.scentairmachines.com/photo/pt32583621-abs_plastic_1200_watts_lightweight_hair_dryer_fast_drying.jpg,Lightweight Hair Dryer
13552861,DC Motor H240mm Lightweight Professional Blow Dryer 1600W,https://www.scentairmachines.com/sale-13552861-dc-motor-h240mm-lightweight-professional-blow-dryer-1600w.html,https://www.scentairmachines.com/photo/pt32583620-dc_motor_h240mm_lightweight_professional_blow_dryer_1600w.jpg,Lightweight Hair Dryer
13546876,Mini AC220V 1.1kg Lightweight Hair Dryer With Diffuser,https://www.scentairmachines.com/sale-13546876-mini-ac220v-1-1kg-lightweight-hair-dryer-with-diffuser.html,https://www.scentairmachines.com/photo/pt32583626-mini_ac220v_1_1kg_lightweight_hair_dryer_with_diffuser.jpg,Lightweight Hair Dryer
13546811,"Salon Folding Travel Hair Dryer , L230mm Fast Drying Blow Dryer",https://www.scentairmachines.com/sale-13546811-salon-folding-travel-hair-dryer-l230mm-fast-drying-blow-dryer.html,https://www.scentairmachines.com/photo/pt32583635-salon_folding_travel_hair_dryer_l230mm_fast_drying_blow_dryer.jpg,Lightweight Hair Dryer
13546694,KWS Portable 0.5kg Lightweight Hair Dryer foldable handle,https://www.scentairmachines.com/sale-13546694-kws-portable-0-5kg-lightweight-hair-dryer-foldable-handle.html,https://www.scentairmachines.com/photo/pt32595031-kws_portable_0_5kg_lightweight_hair_dryer_foldable_handle.jpg,Lightweight Hair Dryer
13545657,"ABS Lightweight Professional Hair Dryer , 1.6kw Salon Quality Blow Dryer",https://www.scentairmachines.com/sale-13545657-abs-lightweight-professional-hair-dryer-1-6kw-salon-quality-blow-dryer.html,https://www.scentairmachines.com/photo/pt32583617-abs_lightweight_professional_hair_dryer_1_6kw_salon_quality_blow_dryer.jpg,Lightweight Hair Dryer
13606143,4.6kg Automatic Sensor Hand Dryer,https://www.scentairmachines.com/quality-13606143-4-6kg-automatic-sensor-hand-dryer,https://www.scentairmachines.com/photo/pt32814056-4_6kg_automatic_sensor_hand_dryer.jpg,Wall Mounted Hand Dryer
13561674,240V Hand Dryer For Home Bathroom,https://www.scentairmachines.com/quality-13561674-240v-hand-dryer-for-home-bathroom,https://www.scentairmachines.com/photo/pt32624829-240v_hand_dryer_for_home_bathroom.jpg,Wall Mounted Hand Dryer
13547347,24x23cm Automatic Hand Dryers Commercial,https://www.scentairmachines.com/quality-13547347-24x23cm-automatic-hand-dryers-commercial,https://www.scentairmachines.com/photo/pt32559966-24x23cm_automatic_hand_dryers_commercial.jpg,Wall Mounted Hand Dryer
13546922,ABS Plastic Hands Free Hand Dryer,https://www.scentairmachines.com/quality-13546922-abs-plastic-hands-free-hand-dryer,https://www.scentairmachines.com/photo/pt32558447-abs_plastic_hands_free_hand_dryer.jpg,Wall Mounted Hand Dryer
13540545,2400r/min Electric Air Hand Dryer,https://www.scentairmachines.com/quality-13540545-2400r-min-electric-air-hand-dryer,https://www.scentairmachines.com/photo/pt32529627-2400r_min_electric_air_hand_dryer.jpg,Wall Mounted Hand Dryer
13606261,3kg Wall Mounted Hand Dryer 12 Sec Drying CE Certification,https://www.scentairmachines.com/sale-13606261-3kg-wall-mounted-hand-dryer-12-sec-drying-ce-certification.html,https://www.scentairmachines.com/photo/pt32814330-3kg_wall_mounted_hand_dryer_12_sec_drying_ce_certification.jpg,Wall Mounted Hand Dryer
13606092,Automatic 73db Electric Hand Dryers For Bathrooms 60Hz,https://www.scentairmachines.com/sale-13606092-automatic-73db-electric-hand-dryers-for-bathrooms-60hz.html,https://www.scentairmachines.com/photo/pt32813960-automatic_73db_electric_hand_dryers_for_bathrooms_60hz.jpg,Wall Mounted Hand Dryer
13606076,Antimicrobial Hygiene Wall Mounted Hand Dryer UL Approval,https://www.scentairmachines.com/sale-13606076-antimicrobial-hygiene-wall-mounted-hand-dryer-ul-approval.html,https://www.scentairmachines.com/photo/pt32813877-antimicrobial_hygiene_wall_mounted_hand_dryer_ul_approval.jpg,Wall Mounted Hand Dryer
13606056,SASO Hotel Commercial Automatic Hand Dryers Save Energy,https://www.scentairmachines.com/sale-13606056-saso-hotel-commercial-automatic-hand-dryers-save-energy.html,https://www.scentairmachines.com/photo/pt32813704-saso_hotel_commercial_automatic_hand_dryers_save_energy.jpg,Wall Mounted Hand Dryer
13605934,220v Wall Mounted Hand Dryer 252km/h Strong wind power,https://www.scentairmachines.com/sale-13605934-220v-wall-mounted-hand-dryer-252km-h-strong-wind-power.html,https://www.scentairmachines.com/photo/pt32812842-220v_wall_mounted_hand_dryer_252km_h_strong_wind_power.jpg,Wall Mounted Hand Dryer
13605818,31000rpm Electric Hand Dryers For Toilets 10 Seconds,https://www.scentairmachines.com/sale-13605818-31000rpm-electric-hand-dryers-for-toilets-10-seconds.html,https://www.scentairmachines.com/photo/pt32812789-31000rpm_electric_hand_dryers_for_toilets_10_seconds.jpg,Wall Mounted Hand Dryer
13605535,IPX1 1800W Wall Mounted Hand Dryer High Speed,https://www.scentairmachines.com/sale-13605535-ipx1-1800w-wall-mounted-hand-dryer-high-speed.html,https://www.scentairmachines.com/photo/pt32811655-ipx1_1800w_wall_mounted_hand_dryer_high_speed.jpg,Wall Mounted Hand Dryer
13571012,"240V Toilet Hand Blower , 1200W Touchless Hand Dryer For Home",https://www.scentairmachines.com/sale-13571012-240v-toilet-hand-blower-1200w-touchless-hand-dryer-for-home.html,https://www.scentairmachines.com/photo/pt32665404-240v_toilet_hand_blower_1200w_touchless_hand_dryer_for_home.jpg,Wall Mounted Hand Dryer
13571011,Automatic Sensor Jet Air Hand Dryer For Household,https://www.scentairmachines.com/sale-13571011-automatic-sensor-jet-air-hand-dryer-for-household.html,https://www.scentairmachines.com/photo/pt32665401-automatic_sensor_jet_air_hand_dryer_for_household.jpg,Wall Mounted Hand Dryer
13570972,1200W Wall Mounted Hand Dryer Stainless Steel 304,https://www.scentairmachines.com/sale-13570972-1200w-wall-mounted-hand-dryer-stainless-steel-304.html,https://www.scentairmachines.com/photo/pt32665400-1200w_wall_mounted_hand_dryer_stainless_steel_304.jpg,Wall Mounted Hand Dryer
13546943,AC110V ABS Wall Mounted Hand Dryer With Infrared Sensor,https://www.scentairmachines.com/sale-13546943-ac110v-abs-wall-mounted-hand-dryer-with-infrared-sensor.html,https://www.scentairmachines.com/photo/pt32558605-ac110v_abs_wall_mounted_hand_dryer_with_infrared_sensor.jpg,Wall Mounted Hand Dryer
13540655,Strong Wind ABS Plastic Motion Sensor Hand Dryer 240x230mm,https://www.scentairmachines.com/sale-13540655-strong-wind-abs-plastic-motion-sensor-hand-dryer-240x230mm.html,https://www.scentairmachines.com/photo/pt32530501-strong_wind_abs_plastic_motion_sensor_hand_dryer_240x230mm.jpg,Wall Mounted Hand Dryer
13540590,Public Place KWS Wall Mounted Hand Dryer 7 Seconds,https://www.scentairmachines.com/sale-13540590-public-place-kws-wall-mounted-hand-dryer-7-seconds.html,https://www.scentairmachines.com/photo/pt32530336-public_place_kws_wall_mounted_hand_dryer_7_seconds.jpg,Wall Mounted Hand Dryer
13540559,2.75kg Touchless Clean Room Hand Dryer 2400r/min,https://www.scentairmachines.com/sale-13540559-2-75kg-touchless-clean-room-hand-dryer-2400r-min.html,https://www.scentairmachines.com/photo/pt32530238-2_75kg_touchless_clean_room_hand_dryer_2400r_min.jpg,Wall Mounted Hand Dryer
13603776,2ml Organic Tea Tree Essential Oil,https://www.scentairmachines.com/quality-13603776-2ml-organic-tea-tree-essential-oil,https://www.scentairmachines.com/photo/pt32805216-2ml_organic_tea_tree_essential_oil.jpg,Aroma Diffuser Essential Oil
13603664,OEM Lavender Essential Oil Scent,https://www.scentairmachines.com/quality-13603664-oem-lavender-essential-oil-scent,https://www.scentairmachines.com/photo/pt32804738-oem_lavender_essential_oil_scent.jpg,Aroma Diffuser Essential Oil
13601986,10ml Tea Tree Oil Aromatherapy,https://www.scentairmachines.com/quality-13601986-10ml-tea-tree-oil-aromatherapy,https://www.scentairmachines.com/photo/pt32796021-10ml_tea_tree_oil_aromatherapy.jpg,Aroma Diffuser Essential Oil
13598114,KWS Pure Peppermint Essential Oil,https://www.scentairmachines.com/quality-13598114-kws-pure-peppermint-essential-oil,https://www.scentairmachines.com/photo/pt32778737-kws_pure_peppermint_essential_oil.jpg,Aroma Diffuser Essential Oil
13471187,500ml Pure Aroma 100 Natural Essential Oils,https://www.scentairmachines.com/quality-13471187-500ml-pure-aroma-100-natural-essential-oils,https://www.scentairmachines.com/photo/pt32239545-500ml_pure_aroma_100_natural_essential_oils.jpg,Aroma Diffuser Essential Oil
13604820,Shower 6.85kg Aroma Diffuser Essential Oil Chamomile smell,https://www.scentairmachines.com/sale-13604820-shower-6-85kg-aroma-diffuser-essential-oil-chamomile-smell.html,https://www.scentairmachines.com/photo/pt32808681-shower_6_85kg_aroma_diffuser_essential_oil_chamomile_smell.jpg,Aroma Diffuser Essential Oil
13603775,"2ml Relaxing Body Massage Oil , Rohs Essential Oils For Face Care",https://www.scentairmachines.com/sale-13603775-2ml-relaxing-body-massage-oil-rohs-essential-oils-for-face-care.html,https://www.scentairmachines.com/photo/pt32805197-2ml_relaxing_body_massage_oil_rohs_essential_oils_for_face_care.jpg,Aroma Diffuser Essential Oil
13603772,Watersoluble Aroma Diffuser Essential Oil Natural For Improve Sleep,https://www.scentairmachines.com/sale-13603772-watersoluble-aroma-diffuser-essential-oil-natural-for-improve-sleep.html,https://www.scentairmachines.com/photo/pt32804896-watersoluble_aroma_diffuser_essential_oil_natural_for_improve_sleep.jpg,Aroma Diffuser Essential Oil
13603604,2ml Organic Aroma Lavender Essential Oil For Home,https://www.scentairmachines.com/sale-13603604-2ml-organic-aroma-lavender-essential-oil-for-home.html,https://www.scentairmachines.com/photo/pt32803902-2ml_organic_aroma_lavender_essential_oil_for_home.jpg,Aroma Diffuser Essential Oil
13603437,Lavender Antiseptic Aroma Diffuser Essential Oil For Shower,https://www.scentairmachines.com/sale-13603437-lavender-antiseptic-aroma-diffuser-essential-oil-for-shower.html,https://www.scentairmachines.com/photo/pt32803623-lavender_antiseptic_aroma_diffuser_essential_oil_for_shower.jpg,Aroma Diffuser Essential Oil
13602322,"ROHS Aroma Body Massage Oil , 2ml Natural Oils For Skin Care",https://www.scentairmachines.com/sale-13602322-rohs-aroma-body-massage-oil-2ml-natural-oils-for-skin-care.html,https://www.scentairmachines.com/photo/pt32797734-rohs_aroma_body_massage_oil_2ml_natural_oils_for_skin_care.jpg,Aroma Diffuser Essential Oil
13602299,OEM 2ml Aroma Diffuser Essential Oil Glass Bottle for Skin Care,https://www.scentairmachines.com/sale-13602299-oem-2ml-aroma-diffuser-essential-oil-glass-bottle-for-skin-care.html,https://www.scentairmachines.com/photo/pt32797539-oem_2ml_aroma_diffuser_essential_oil_glass_bottle_for_skin_care.jpg,Aroma Diffuser Essential Oil
13602243,10Ml Aroma Diffuser Essential Oil fresh Chamomile Private Label,https://www.scentairmachines.com/sale-13602243-10ml-aroma-diffuser-essential-oil-fresh-chamomile-private-label.html,https://www.scentairmachines.com/photo/pt32796087-10ml_aroma_diffuser_essential_oil_fresh_chamomile_private_label.jpg,Aroma Diffuser Essential Oil
13598452,KWS Shopping Mall Essential Oil For Aroma Diffuser,https://www.scentairmachines.com/sale-13598452-kws-shopping-mall-essential-oil-for-aroma-diffuser.html,https://www.scentairmachines.com/photo/pt32780409-kws_shopping_mall_essential_oil_for_aroma_diffuser.jpg,Aroma Diffuser Essential Oil
13598451,"Inhalation Natural Aromatherapy Oils , 100 Pure Daily Care Essential Oils",https://www.scentairmachines.com/sale-13598451-inhalation-natural-aromatherapy-oils-100-pure-daily-care-essential-oils.html,https://www.scentairmachines.com/photo/pt32780408-inhalation_natural_aromatherapy_oils_100_pure_daily_care_essential_oils.jpg,Aroma Diffuser Essential Oil
13598070,therapeutic KWS Aroma Diffuser Essential Oil Peppermint,https://www.scentairmachines.com/sale-13598070-therapeutic-kws-aroma-diffuser-essential-oil-peppermint.html,https://www.scentairmachines.com/photo/pt32778193-therapeutic_kws_aroma_diffuser_essential_oil_peppermint.jpg,Aroma Diffuser Essential Oil
13597429,"OEM Aromatherapy Essential Oils , ODM Fruity Floral Scented Essential Oils",https://www.scentairmachines.com/sale-13597429-oem-aromatherapy-essential-oils-odm-fruity-floral-scented-essential-oils.html,https://www.scentairmachines.com/photo/pt32771967-oem_aromatherapy_essential_oils_odm_fruity_floral_scented_essential_oils.jpg,Aroma Diffuser Essential Oil
13536798,Aluminum Aroma Diffuser Essential Oil 500ml For Hotel,https://www.scentairmachines.com/sale-13536798-aluminum-aroma-diffuser-essential-oil-500ml-for-hotel.html,https://www.scentairmachines.com/photo/pt32511698-aluminum_aroma_diffuser_essential_oil_500ml_for_hotel.jpg,Aroma Diffuser Essential Oil
13536743,"Public Pure Nature Aroma Oil , 0.5L Pure Therapeutic Essential Oils",https://www.scentairmachines.com/sale-13536743-public-pure-nature-aroma-oil-0-5l-pure-therapeutic-essential-oils.html,https://www.scentairmachines.com/photo/pt32510741-public_pure_nature_aroma_oil_0_5l_pure_therapeutic_essential_oils.jpg,Aroma Diffuser Essential Oil
13490105,Refreshing 72ml Aroma Diffuser Essential Oil For Scent Machine,https://www.scentairmachines.com/sale-13490105-refreshing-72ml-aroma-diffuser-essential-oil-for-scent-machine.html,https://www.scentairmachines.com/photo/pt32315564-refreshing_72ml_aroma_diffuser_essential_oil_for_scent_machine.jpg,Aroma Diffuser Essential Oil
13611535,Anti Splash Urinal Deodorizer Mats,https://www.scentairmachines.com/quality-13611535-anti-splash-urinal-deodorizer-mats,https://www.scentairmachines.com/photo/pt32838267-anti_splash_urinal_deodorizer_mats.jpg,Fragrance Gift Sets
13529782,Ceramic Bottle Home Fragrance Reed Diffuser,https://www.scentairmachines.com/quality-13529782-ceramic-bottle-home-fragrance-reed-diffuser,https://www.scentairmachines.com/photo/pt32477298-ceramic_bottle_home_fragrance_reed_diffuser.jpg,Fragrance Gift Sets
13528326,30ml Scented Oil Reed Diffuser,https://www.scentairmachines.com/quality-13528326-30ml-scented-oil-reed-diffuser,https://www.scentairmachines.com/photo/pt32473632-30ml_scented_oil_reed_diffuser.jpg,Fragrance Gift Sets
13528322,Decorative Non Toxic Reed Diffuser,https://www.scentairmachines.com/quality-13528322-decorative-non-toxic-reed-diffuser,https://www.scentairmachines.com/photo/pt32473600-decorative_non_toxic_reed_diffuser.jpg,Fragrance Gift Sets
13520943,Flower Plant Aroma Natural Reed Diffuser,https://www.scentairmachines.com/quality-13520943-flower-plant-aroma-natural-reed-diffuser,https://www.scentairmachines.com/photo/pt32440476-flower_plant_aroma_natural_reed_diffuser.jpg,Fragrance Gift Sets
13611389,round Anti splash Toilet Urinal Fresheners EVA Material,https://www.scentairmachines.com/sale-13611389-round-anti-splash-toilet-urinal-fresheners-eva-material.html,https://www.scentairmachines.com/photo/pt32837936-round_anti_splash_toilet_urinal_fresheners_eva_material.jpg,Fragrance Gift Sets
13611294,Green Fragrance Ocean Mist Urinal Air Freshener Pad 160x160mm,https://www.scentairmachines.com/sale-13611294-green-fragrance-ocean-mist-urinal-air-freshener-pad-160x160mm.html,https://www.scentairmachines.com/photo/pt32837058-green_fragrance_ocean_mist_urinal_air_freshener_pad_160x160mm.jpg,Fragrance Gift Sets
13611100,"Fresh Air Urinal Scent Pads , Durable Urinal Fragrance Mat",https://www.scentairmachines.com/sale-13611100-fresh-air-urinal-scent-pads-durable-urinal-fragrance-mat.html,https://www.scentairmachines.com/photo/pt32836931-fresh_air_urinal_scent_pads_durable_urinal_fragrance_mat.jpg,Fragrance Gift Sets
13611062,"Anti Odor Scented Urinal Mats , Restroom Urinal Screen Pad",https://www.scentairmachines.com/sale-13611062-anti-odor-scented-urinal-mats-restroom-urinal-screen-pad.html,https://www.scentairmachines.com/photo/pt32836310-anti_odor_scented_urinal_mats_restroom_urinal_screen_pad.jpg,Fragrance Gift Sets
13610961,"32g Urinal Screens Deodorizer , round Urinal Bowl Freshener",https://www.scentairmachines.com/sale-13610961-32g-urinal-screens-deodorizer-round-urinal-bowl-freshener.html,https://www.scentairmachines.com/photo/pt32836295-32g_urinal_screens_deodorizer_round_urinal_bowl_freshener.jpg,Fragrance Gift Sets
13610825,EVA Anti Splash Urinal Screen 160mm For Man Restroom Toilet,https://www.scentairmachines.com/sale-13610825-eva-anti-splash-urinal-screen-160mm-for-man-restroom-toilet.html,https://www.scentairmachines.com/photo/pt32834614-eva_anti_splash_urinal_screen_160mm_for_man_restroom_toilet.jpg,Fragrance Gift Sets
13535075,"0.12L Fragrance Gift Sets , 36 Pieces reed diffuser with rattan sticks",https://www.scentairmachines.com/sale-13535075-0-12l-fragrance-gift-sets-36-pieces-reed-diffuser-with-rattan-sticks.html,https://www.scentairmachines.com/photo/pt32503905-0_12l_fragrance_gift_sets_36_pieces_reed_diffuser_with_rattan_sticks.jpg,Fragrance Gift Sets
13531627,Aromatherapy 120ml Fragrance Gift Sets Pure Plant Essential Oils,https://www.scentairmachines.com/sale-13531627-aromatherapy-120ml-fragrance-gift-sets-pure-plant-essential-oils.html,https://www.scentairmachines.com/photo/pt32487926-aromatherapy_120ml_fragrance_gift_sets_pure_plant_essential_oils.jpg,Fragrance Gift Sets
13531598,Wooden Reed Fragrance Gift Sets 6.5x25.2cm for Car,https://www.scentairmachines.com/sale-13531598-wooden-reed-fragrance-gift-sets-6-5x25-2cm-for-car.html,https://www.scentairmachines.com/photo/pt32487674-wooden_reed_fragrance_gift_sets_6_5x25_2cm_for_car.jpg,Fragrance Gift Sets
13530716,"0.28kg Fragrance Gift Sets , 70ml Mini Reed Diffuser",https://www.scentairmachines.com/sale-13530716-0-28kg-fragrance-gift-sets-70ml-mini-reed-diffuser.html,https://www.scentairmachines.com/photo/pt32487752-0_28kg_fragrance_gift_sets_70ml_mini_reed_diffuser.jpg,Fragrance Gift Sets
13530455,100ml Diffuser Perfume Fragrance Gift Sets 14x8x12.3cm,https://www.scentairmachines.com/sale-13530455-100ml-diffuser-perfume-fragrance-gift-sets-14x8x12-3cm.html,https://www.scentairmachines.com/photo/pt32483047-100ml_diffuser_perfume_fragrance_gift_sets_14x8x12_3cm.jpg,Fragrance Gift Sets
13528957,"Woodcarving Air Scents Reed Diffuser , 0.16kg Reed Diffuser Gift Set",https://www.scentairmachines.com/sale-13528957-woodcarving-air-scents-reed-diffuser-0-16kg-reed-diffuser-gift-set.html,https://www.scentairmachines.com/photo/pt32475388-woodcarving_air_scents_reed_diffuser_0_16kg_reed_diffuser_gift_set.jpg,Fragrance Gift Sets
13528500,OEM 30ml Diffuser Fragrance Gift Sets for office,https://www.scentairmachines.com/sale-13528500-oem-30ml-diffuser-fragrance-gift-sets-for-office.html,https://www.scentairmachines.com/photo/pt32474153-oem_30ml_diffuser_fragrance_gift_sets_for_office.jpg,Fragrance Gift Sets
13528344,"30ml Mini Spa Gift Set , KWS Oil Diffuser With Wooden Sticks",https://www.scentairmachines.com/sale-13528344-30ml-mini-spa-gift-set-kws-oil-diffuser-with-wooden-sticks.html,https://www.scentairmachines.com/photo/pt32473653-30ml_mini_spa_gift_set_kws_oil_diffuser_with_wooden_sticks.jpg,Fragrance Gift Sets
13528331,KWS Fragrance Gift Sets 5.5x16cm 30ml For Home,https://www.scentairmachines.com/sale-13528331-kws-fragrance-gift-sets-5-5x16cm-30ml-for-home.html,https://www.scentairmachines.com/photo/pt32473646-kws_fragrance_gift_sets_5_5x16cm_30ml_for_home.jpg,Fragrance Gift Sets
13528315,"200ml Fragrance Gift Sets , Hotel Rattan Essential Oil Diffuser",https://www.scentairmachines.com/sale-13528315-200ml-fragrance-gift-sets-hotel-rattan-essential-oil-diffuser.html,https://www.scentairmachines.com/photo/pt32473597-200ml_fragrance_gift_sets_hotel_rattan_essential_oil_diffuser.jpg,Fragrance Gift Sets
13528310,"KWS Aromatherapy Reed Diffuser , 200ml Essential Oil Room Diffuser",https://www.scentairmachines.com/sale-13528310-kws-aromatherapy-reed-diffuser-200ml-essential-oil-room-diffuser.html,https://www.scentairmachines.com/photo/pt32473584-kws_aromatherapy_reed_diffuser_200ml_essential_oil_room_diffuser.jpg,Fragrance Gift Sets
13528299,"Rattan Sticks Fragrance Gift Sets , 50ml Scented Oil Reed Diffuser",https://www.scentairmachines.com/sale-13528299-rattan-sticks-fragrance-gift-sets-50ml-scented-oil-reed-diffuser.html,https://www.scentairmachines.com/photo/pt32473573-rattan_sticks_fragrance_gift_sets_50ml_scented_oil_reed_diffuser.jpg,Fragrance Gift Sets
13528293,Home 50ml Aroma Natural Reed Diffuser Glass bottle,https://www.scentairmachines.com/sale-13528293-home-50ml-aroma-natural-reed-diffuser-glass-bottle.html,https://www.scentairmachines.com/photo/pt32473543-home_50ml_aroma_natural_reed_diffuser_glass_bottle.jpg,Fragrance Gift Sets
13528289,5.5x16cm Reed Stick Fragrance Gift Sets 0.13kg,https://www.scentairmachines.com/sale-13528289-5-5x16cm-reed-stick-fragrance-gift-sets-0-13kg.html,https://www.scentairmachines.com/photo/pt32473535-5_5x16cm_reed_stick_fragrance_gift_sets_0_13kg.jpg,Fragrance Gift Sets
13528241,30ml Wooden Reed Fragrance Gift Sets Pure Plant Oils,https://www.scentairmachines.com/sale-13528241-30ml-wooden-reed-fragrance-gift-sets-pure-plant-oils.html,https://www.scentairmachines.com/photo/pt32473324-30ml_wooden_reed_fragrance_gift_sets_pure_plant_oils.jpg,Fragrance Gift Sets
13527741,Aromatherapy Oil 30ml Room Diffuser With Sticks,https://www.scentairmachines.com/sale-13527741-aromatherapy-oil-30ml-room-diffuser-with-sticks.html,https://www.scentairmachines.com/photo/pt32471713-aromatherapy_oil_30ml_room_diffuser_with_sticks.jpg,Fragrance Gift Sets
13525100,CE Certificate Reed Diffuser Fragrance Gift Sets 5.5x16cm,https://www.scentairmachines.com/sale-13525100-ce-certificate-reed-diffuser-fragrance-gift-sets-5-5x16cm.html,https://www.scentairmachines.com/photo/pt32460958-ce_certificate_reed_diffuser_fragrance_gift_sets_5_5x16cm.jpg,Fragrance Gift Sets
13525045,Customized Scented Aroma Natural Reed Diffuser For Gift,https://www.scentairmachines.com/sale-13525045-customized-scented-aroma-natural-reed-diffuser-for-gift.html,https://www.scentairmachines.com/photo/pt32460159-customized_scented_aroma_natural_reed_diffuser_for_gift.jpg,Fragrance Gift Sets
13524797,Dried Flowers 7.5x29.3cm Fragrance Gift Sets 0.57kg,https://www.scentairmachines.com/sale-13524797-dried-flowers-7-5x29-3cm-fragrance-gift-sets-0-57kg.html,https://www.scentairmachines.com/photo/pt32459789-dried_flowers_7_5x29_3cm_fragrance_gift_sets_0_57kg.jpg,Fragrance Gift Sets
13537230,"ODM HVAC Scent Diffuser Machine , DC12V5W Fragrance Oil Diffuser",https://www.scentairmachines.com/sale-13537230-odm-hvac-scent-diffuser-machine-dc12v5w-fragrance-oil-diffuser.html,https://www.scentairmachines.com/photo/pt34578326-odm_hvac_scent_diffuser_machine_dc12v5w_fragrance_oil_diffuser.jpg,HVAC Scent Diffuser Machine
13497608,1ml/H Essential Oil HVAC Scent Diffuser Machine 250ml Plastic Bottle,https://www.scentairmachines.com/sale-13497608-1ml-h-essential-oil-hvac-scent-diffuser-machine-250ml-plastic-bottle.html,https://www.scentairmachines.com/photo/pt32348653-1ml_h_essential_oil_hvac_scent_diffuser_machine_250ml_plastic_bottle.jpg,HVAC Scent Diffuser Machine
13497364,"5W Hvac Essential Oil Diffuser , Hotel Hvac Scenting System",https://www.scentairmachines.com/sale-13497364-5w-hvac-essential-oil-diffuser-hotel-hvac-scenting-system.html,https://www.scentairmachines.com/photo/pt32347376-5w_hvac_essential_oil_diffuser_hotel_hvac_scenting_system.jpg,HVAC Scent Diffuser Machine
13497733,Large Room Fragrance HVAC Scent Diffuser Machine 1.2kg,https://www.scentairmachines.com/sale-13497733-large-room-fragrance-hvac-scent-diffuser-machine-1-2kg.html,https://www.scentairmachines.com/photo/pt32348993-large_room_fragrance_hvac_scent_diffuser_machine_1_2kg.jpg,HVAC Scent Diffuser Machine
13489986,20kg Aluminum Shell Aroma Scent Machine Essential Oil Refill,https://www.scentairmachines.com/sale-13489986-20kg-aluminum-shell-aroma-scent-machine-essential-oil-refill.html,https://www.scentairmachines.com/photo/pt32315280-20kg_aluminum_shell_aroma_scent_machine_essential_oil_refill.jpg,HVAC Scent Diffuser Machine
36727846,20kg Air Conditioner Scent Diffuser Refillable Aromatherapy Type HVAC,https://www.scentairmachines.com/sale-36727846-20kg-air-conditioner-scent-diffuser-refillable-aromatherapy-type-hvac.html,https://www.scentairmachines.com/photo/pt32568760-20kg_air_conditioner_scent_diffuser_refillable_aromatherapy_type_hvac.jpg,HVAC Scent Diffuser Machine
13537081,"Whole House Hvac Scent Delivery System , 250ml Commercial Air Scent Machine",https://www.scentairmachines.com/sale-13537081-whole-house-hvac-scent-delivery-system-250ml-commercial-air-scent-machine.html,https://www.scentairmachines.com/photo/pt34578150-whole_house_hvac_scent_delivery_system_250ml_commercial_air_scent_machine.jpg,HVAC Scent Diffuser Machine
13537318,233x83x180mm HVAC Scent Diffuser Machine Coverage 300m3,https://www.scentairmachines.com/sale-13537318-233x83x180mm-hvac-scent-diffuser-machine-coverage-300m3.html,https://www.scentairmachines.com/photo/pt32513853-233x83x180mm_hvac_scent_diffuser_machine_coverage_300m3.jpg,HVAC Scent Diffuser Machine
13537350,Essential Oil HVAC Scent Diffuser Machine 25dB Quiet Working,https://www.scentairmachines.com/sale-13537350-essential-oil-hvac-scent-diffuser-machine-25db-quiet-working.html,https://www.scentairmachines.com/photo/pt32513966-essential_oil_hvac_scent_diffuser_machine_25db_quiet_working.jpg,HVAC Scent Diffuser Machine
13537465,"300m3 Electric Essential Oil Diffuser , PP HVAC Aromatherapy System",https://www.scentairmachines.com/sale-13537465-300m3-electric-essential-oil-diffuser-pp-hvac-aromatherapy-system.html,https://www.scentairmachines.com/photo/pt32514358-300m3_electric_essential_oil_diffuser_pp_hvac_aromatherapy_system.jpg,HVAC Scent Diffuser Machine
13498268,Large Area Commercial HVAC Fragrance Diffuser LED screen,https://www.scentairmachines.com/sale-13498268-large-area-commercial-hvac-fragrance-diffuser-led-screen.html,https://www.scentairmachines.com/photo/pt32352106-large_area_commercial_hvac_fragrance_diffuser_led_screen.jpg,HVAC Scent Diffuser Machine
13461331,"1L HVAC Scent Machine , Floor Standing Essential Oil Diffuser 160x600mm",https://www.scentairmachines.com/sale-13461331-1l-hvac-scent-machine-floor-standing-essential-oil-diffuser-160x600mm.html,https://www.scentairmachines.com/photo/pt32314785-1l_hvac_scent_machine_floor_standing_essential_oil_diffuser_160x600mm.jpg,HVAC Scent Diffuser Machine
13460393,KWS Aluminum HVAC Scent Diffuser Machine Aromatherapy,https://www.scentairmachines.com/sale-13460393-kws-aluminum-hvac-scent-diffuser-machine-aromatherapy.html,https://www.scentairmachines.com/photo/pt32184003-kws_aluminum_hvac_scent_diffuser_machine_aromatherapy.jpg,HVAC Scent Diffuser Machine
13549384,25dB Home Hvac Scent Diffuser,https://www.scentairmachines.com/quality-13549384-25db-home-hvac-scent-diffuser,https://www.scentairmachines.com/photo/pt32568773-25db_home_hvac_scent_diffuser.jpg,Aroma Scent Machine
13489990,1000ml Large Area Scent Diffuser,https://www.scentairmachines.com/quality-13489990-1000ml-large-area-scent-diffuser,https://www.scentairmachines.com/photo/pt32315317-1000ml_large_area_scent_diffuser.jpg,Aroma Scent Machine
13489989,2500m3 Hvac Scent Machine,https://www.scentairmachines.com/quality-13489989-2500m3-hvac-scent-machine,https://www.scentairmachines.com/photo/pt32315310-2500m3_hvac_scent_machine.jpg,Aroma Scent Machine
13549934,CE 260x200x275mm Aroma Scent Machine For Hotel Lobby,https://www.scentairmachines.com/sale-13549934-ce-260x200x275mm-aroma-scent-machine-for-hotel-lobby.html,https://www.scentairmachines.com/photo/pt32570680-ce_260x200x275mm_aroma_scent_machine_for_hotel_lobby.jpg,Aroma Scent Machine
13490378,"Pp House Scent Machine , 7.2kg Aroma Machine For Fragrance",https://www.scentairmachines.com/sale-13490378-pp-house-scent-machine-7-2kg-aroma-machine-for-fragrance.html,https://www.scentairmachines.com/photo/pt32316795-pp_house_scent_machine_7_2kg_aroma_machine_for_fragrance.jpg,Aroma Scent Machine
13489952,"500ml Electric Aromatherapy Diffuser , AC220V Whole House Scent Machine",https://www.scentairmachines.com/sale-13489952-500ml-electric-aromatherapy-diffuser-ac220v-whole-house-scent-machine.html,https://www.scentairmachines.com/photo/pt32315149-500ml_electric_aromatherapy_diffuser_ac220v_whole_house_scent_machine.jpg,Aroma Scent Machine
13460634,Smart Timing 0.5L Aroma Scent Machine For Meeting Room,https://www.scentairmachines.com/sale-13460634-smart-timing-0-5l-aroma-scent-machine-for-meeting-room.html,https://www.scentairmachines.com/photo/pt32314915-smart_timing_0_5l_aroma_scent_machine_for_meeting_room.jpg,Aroma Scent Machine
37068894,Colorful Flame Aromatherapy Humidifier 200ml USB Aroma Diffuser Household Cool Mist,https://www.scentairmachines.com/sale-37068894-colorful-flame-aromatherapy-humidifier-200ml-usb-aroma-diffuser-household-cool-mist.html,https://www.scentairmachines.com/photo/pt146801726-colorful_flame_aromatherapy_humidifier_200ml_usb_aroma_diffuser_household_cool_mist.jpg,Aroma Scent Machine
36867172,Humidifier Ultrasonic USB Bluetooth Music Speaker  7 LED Colorful Lights Changing Aromatherapy Essential Oil Diffusers,https://www.scentairmachines.com/sale-36867172-humidifier-ultrasonic-usb-bluetooth-music-speaker-7-led-colorful-lights-changing-aromatherapy-essent.html,https://www.scentairmachines.com/photo/pt145731664-humidifier_ultrasonic_usb_bluetooth_music_speaker_7_led_colorful_lights_changing_aromatherapy_essential_oil_diffusers.jpg,Aroma Scent Machine
13549342,"2ml/H Electric Diffuser Air Freshener , CE Commercial Scent Diffuser Machine Automatic",https://www.scentairmachines.com/sale-13549342-2ml-h-electric-diffuser-air-freshener-ce-commercial-scent-diffuser-machine-automatic.html,https://www.scentairmachines.com/photo/pt32568611-2ml_h_electric_diffuser_air_freshener_ce_commercial_scent_diffuser_machine_automatic.jpg,Aroma Scent Machine
32281761,Ultrasonic Aroma Machine For Fragrance Tabletop  Installation Flame Humidifier,https://www.scentairmachines.com/sale-32281761-ultrasonic-aroma-machine-for-fragrance-tabletop-installation-flame-humidifier.html,https://www.scentairmachines.com/photo/pt122848490-ultrasonic_aroma_machine_for_fragrance_tabletop_installation_flame_humidifier.jpg,Aroma Scent Machine
36727832,500ml Commercial Scent Diffuser Machine Smart Timing Integrated,https://www.scentairmachines.com/sale-36727832-500ml-commercial-scent-diffuser-machine-smart-timing-integrated.html,https://www.scentairmachines.com/photo/pt122848496-500ml_commercial_scent_diffuser_machine_smart_timing_integrated.jpg,Aroma Scent Machine
36727823,Aroma Electric Scent Diffuser Machine For Hotel Lobby Wall Mounted,https://www.scentairmachines.com/sale-36727823-aroma-electric-scent-diffuser-machine-for-hotel-lobby-wall-mounted.html,https://www.scentairmachines.com/photo/pt32568467-aroma_electric_scent_diffuser_machine_for_hotel_lobby_wall_mounted.jpg,Aroma Scent Machine
13438216,"0.25L Room Scent Diffuser Machine , 300m3 Aroma Fragrance Machine For Office",https://www.scentairmachines.com/sale-13438216-0-25l-room-scent-diffuser-machine-300m3-aroma-fragrance-machine-for-office.html,https://www.scentairmachines.com/photo/pt32081528-0_25l_room_scent_diffuser_machine_300m3_aroma_fragrance_machine_for_office.jpg,Aroma Scent Machine
13549933,"1500m3 Aroma Scent Machine , Air Freshener Diffuser 20000 Hours Lifespan",https://www.scentairmachines.com/sale-13549933-1500m3-aroma-scent-machine-air-freshener-diffuser-20000-hours-lifespan.html,https://www.scentairmachines.com/photo/pt32570674-1500m3_aroma_scent_machine_air_freshener_diffuser_20000_hours_lifespan.jpg,Aroma Scent Machine
13549932,"Aluminum Aroma Essential Oil Diffuser , 500ml Wall Mount Air Freshner",https://www.scentairmachines.com/sale-13549932-aluminum-aroma-essential-oil-diffuser-500ml-wall-mount-air-freshner.html,https://www.scentairmachines.com/photo/pt32570673-aluminum_aroma_essential_oil_diffuser_500ml_wall_mount_air_freshner.jpg,Aroma Scent Machine
13549871,Wall Mounted 2000 m3 Aroma Scent Machine With Fan,https://www.scentairmachines.com/sale-13549871-wall-mounted-2000-m3-aroma-scent-machine-with-fan.html,https://www.scentairmachines.com/photo/pt32570038-wall_mounted_2000_m3_aroma_scent_machine_with_fan.jpg,Aroma Scent Machine
13549364,Portable Cool Mist Ultrasonic Aroma Diffuser with fan system,https://www.scentairmachines.com/sale-13549364-portable-cool-mist-ultrasonic-aroma-diffuser-with-fan-system.html,https://www.scentairmachines.com/photo/pt32568760-portable_cool_mist_ultrasonic_aroma_diffuser_with_fan_system.jpg,Aroma Scent Machine
13498254,"Fragrance System Aroma Scent Machine , 25dB Office Fragrance Machine",https://www.scentairmachines.com/sale-13498254-fragrance-system-aroma-scent-machine-25db-office-fragrance-machine.html,https://www.scentairmachines.com/photo/pt32351998-fragrance_system_aroma_scent_machine_25db_office_fragrance_machine.jpg,Aroma Scent Machine
13490099,50W HVAC Aroma Scent Machine For Shopping Mall,https://www.scentairmachines.com/sale-13490099-50w-hvac-aroma-scent-machine-for-shopping-mall.html,https://www.scentairmachines.com/photo/pt32315598-50w_hvac_aroma_scent_machine_for_shopping_mall.jpg,Aroma Scent Machine
13489996,Aroma Therapy Air Conditioner Fragrance Diffuser 3000m3,https://www.scentairmachines.com/sale-13489996-aroma-therapy-air-conditioner-fragrance-diffuser-3000m3.html,https://www.scentairmachines.com/photo/pt32315327-aroma_therapy_air_conditioner_fragrance_diffuser_3000m3.jpg,Aroma Scent Machine
